actuator,human energy
actuator,human energy
actuator,mechanical
battery,solid
battery,electrical
battery,electrical
battery,electrical
battery,electrical
battery,solid
battery,solid
battery,electrical
battery,electrical
battery,solid
battery,electrical
battery,electrical
battery,electrical
battery,electrical
battery,electrical
battery,electrical
battery,electrical
battery,electrical
battery,electrical
battery,electrical
battery,electrical
battery,electrical
battery,electrical
battery,electrical
battery,electrical
battery,electrical
battery,electrical
battery,electrical
battery,electrical
battery,human material
battery,electrical
battery,human material
battery,solid
battery,electrical
battery,electrical
battery,electrical
battery,electrical
battery,electrical
battery,electrical
battery,electrical
bearing,solid
bearing,solid
bearing,solid
bearing,solid
bearing,solid
bearing,solid
bearing,solid
bearing,solid
belt,mechanical
blade,solid
blade,solid
blade,solid
blade,solid
blade,solid
blade,mechanical
blade,solid
blade,solid
blade,solid
blade,solid
blade,solid
blade,solid
blade,mechanical
blade,solid
blade,solid
blade,human energy
blade,solid
blade,solid
blade,solid
blade,solid
blade,mechanical
blade,solid
blade,mechanical
blade,mechanical
blade,acoustic
blade,human material
blade,status
blade,thermal
blade,human material
blade,human material
blade,solid
blade,solid
blade,human material
blade,mechanical
blade,pneumatic
blade,mechanical
blade,solid
blade,pneumatic
blade,mechanical
blade,solid
blade,solid
blade,solid
blade,mechanical
blade,solid
blade,solid
blade,solid
blade,mechanical
blade,mechanical
blade,solid
blade,solid
blade,solid
blade,mechanical
blade,solid
blade,solid
blade,solid
blade,solid
blade,solid
blade,solid
blade,solid
blade,solid
blade,solid
blade,solid
blade,mechanical
blade,solid
blade,mechanical
blade,solid
blade,solid
blade,solid
blade,status
blade,solid
blade,solid
blade,solid
blade,mechanical
blade,mechanical
blade,solid
blade,solid
blade,solid
blade,mechanical
blade,mechanical
blade,solid
blade,thermal
blade,solid
blade,acoustic
blade,human material
blade,mechanical
blade,solid
blade,thermal
blade,human material
blade,solid
bracket,mechanical
bracket,mechanical
bracket,solid
bracket,solid
bracket,solid
bracket,solid
bracket,solid
bracket,solid
bracket,solid
bracket,solid
bracket,solid
bracket,solid
bracket,solid
bracket,solid
bracket,solid
bracket,solid
bracket,solid
bracket,solid
bracket,solid
bracket,material
bracket,mechanical
bracket,mechanical
bracket,mechanical
bracket,mechanical
bracket,mechanical
bracket,mechanical
cam,solid
cam,mechanical
cam,solid
cam,mechanical
cam,solid
cap,solid
cap,solid
cap,solid
cap,solid
cap,solid
cap,solid
cap,solid
cap,solid
cap,solid
cap,solid
cap,liquid
cap,liquid
cap,solid
cap,solid
cap,solid
changer,mechanical
circuit board,control
circuit board,electrical
circuit board,solid
circuit board,electrical
circuit board,electrical
clamp,solid
clamp,solid
clamp,solid
clamp,solid
clamp,mechanical
clamp,solid
clamp,solid
clamp,mechanical
clamp,solid
connector,solid
connector,solid
connector,electrical
connector,electrical
container,solid
container,chemical
container,liquid
container,chemical
container,liquid
container,solid
container,solid
container,solid
container,solid
container,solid
container,solid
container,solid
container,solid
converter,chemical
converter,chemical
converter,chemical
converter,chemical
converter,electrical
converter,liquid
converter,liquid
converter,mechanical
converter,chemical
converter,chemical
converter,chemical
converter,liquid
converter,liquid
converter,chemical
converter,liquid
cover,human material
cover,solid
cover,solid
cover,solid
cover,solid
cover,solid
cover,solid
cover,solid
cover,solid
cover,solid
cover,solid
cover,solid
cover,optical
cover,human energy
cover,solid
cover,human energy
cover,solid
cover,solid
cover,solid
cover,solid
cover,solid
cover,solid
cover,solid
cover,solid
cover,solid
cover,human energy
cover,human material
cover,solid
cover,solid
cover,solid
cover,human energy
cover,human material
cover,solid
cover,solid
cover,solid
cover,solid
cover,human material
cover,human material
cover,human material
cover,solid
cover,solid
cover,solid
cover,solid
cover,solid
cover,human material
cover,human material
cover,solid
cover,human material
cover,solid
cover,solid
cover,solid
cover,solid
cover,solid
cover,solid
cover,solid
cover,solid
cover,solid
cover,solid
cover,solid
cushion,mechanical
cushion,solid
cushion,solid
cushion,solid
cushion,solid
diode,electrical
divider,solid
divider,solid
door,solid
door,solid
electric conductor,solid
electric cord,solid
electric cord,electrical
electric cord,electrical
electric cord,solid
electric cord,electrical
electric cord,electrical
electric cord,electrical
electric cord,electrical
electric cord,electrical
electric cord,electrical
electric cord,electrical
electric cord,electrical
electric motor,electrical
electric motor,solid
electric motor,solid
electric motor,solid
electric motor,electrical
electric motor,electrical
electric motor,electrical
electric motor,solid
electric motor,electrical
electric motor,electrical
electric motor,electrical
electric motor,solid
electric motor,mechanical
electric motor,solid
electric motor,solid
electric motor,electrical
electric motor,electrical
electric motor,solid
electric motor,solid
electric motor,electrical
electric motor,solid
electric motor,solid
electric motor,solid
electric motor,solid
electric motor,electrical
electric motor,electrical
electric motor,solid
electric motor,solid
electric motor,solid
electric motor,electrical
electric motor,electrical
electric motor,thermal
electric motor,solid
electric motor,solid
electric motor,electrical
electric motor,electrical
electric motor,solid
electric motor,electrical
electric motor,electrical
electric motor,solid
electric motor,electrical
electric motor,electrical
electric motor,solid
electric motor,electrical
electric motor,electrical
electric motor,electrical
electric motor,solid
electric motor,electrical
electric motor,electrical
electric motor,acoustic
electric motor,thermal
electric motor,solid
electric motor,solid
electric motor,electrical
electric motor,solid
electric motor,solid
electric motor,electrical
electric motor,electrical
electric motor,acoustic
electric motor,thermal
electric motor,solid
electric motor,solid
electric motor,electrical
electric motor,electrical
electric motor,acoustic
electric motor,thermal
electric motor,solid
electric motor,solid
electric motor,electrical
electric switch,control
electric switch,electrical
electric switch,human energy
electric switch,human energy
electric switch,solid
electric switch,human material
electric switch,human material
electric switch,solid
electric switch,human material
electric switch,human material
electric switch,solid
electric switch,control
electric switch,electrical
electric switch,solid
electric switch,electrical
electric switch,electrical
electric switch,solid
electric switch,control
electric switch,electrical
electric switch,solid
electric switch,solid
electric switch,electrical
electric switch,control
electric switch,electrical
electric switch,human energy
electric switch,solid
electric switch,solid
electric switch,human material
electric switch,human energy
electric switch,human material
electric switch,solid
electric switch,solid
electric switch,solid
electric switch,human energy
electric switch,solid
electric switch,electrical
electric switch,status
electric switch,mechanical
electric switch,control
electric switch,electrical
electric switch,solid
electric switch,electrical
electric switch,mechanical
electric switch,human energy
electric switch,human energy
electric switch,solid
electric switch,electrical
electric switch,solid
electric switch,control
electric switch,electrical
electric switch,human energy
electric switch,human material
electric switch,human material
electric switch,solid
electric switch,human energy
electric switch,human material
electric switch,control
electric switch,electrical
electric switch,human material
electric switch,human material
electric switch,human material
electric switch,solid
electric switch,human material
electric switch,human material
electric switch,solid
electric switch,electrical
electric switch,human energy
electric switch,human energy
electric switch,human material
electric switch,human energy
electric switch,human energy
electric switch,human material
electric switch,human material
electric switch,solid
electric switch,control
electric switch,electrical
electric switch,solid
electric switch,electrical
electric switch,electrical
electric switch,human material
electric switch,human material
electric switch,human material
electric switch,control
electric switch,electrical
electric switch,solid
electric switch,electrical
electric switch,electrical
electric switch,status
electric switch,human energy
electric switch,human energy
electric switch,solid
electric switch,electrical
electric switch,electrical
electric switch,electrical
electric switch,electrical
electric switch,electrical
electric switch,human energy
electric switch,mechanical
electric switch,human energy
electric switch,mechanical
electric switch,mechanical
electric switch,control
electric switch,electrical
electric switch,human energy
electric switch,mechanical
electric switch,human energy
electric switch,solid
electric switch,electrical
electric switch,human energy
electric switch,human material
electric switch,mechanical
electric switch,control
electric switch,human energy
electric switch,human material
electric switch,solid
electric switch,mechanical
electric switch,electrical
electric switch,human energy
electric switch,human material
electric switch,human material
electric switch,mechanical
electric switch,solid
electric switch,control
electric switch,control
electric switch,human energy
electric switch,human material
electric switch,human material
electric switch,electrical
electric switch,solid
electric wire,solid
electric wire,solid
electric wire,solid
electric wire,solid
electric wire,solid
electric wire,solid
electric wire,solid
electric wire,solid
electric wire,solid
electric wire,electrical
electric wire,electrical
electric wire,electrical
electric wire,electrical
electric wire,electrical
electric wire,electrical
electric wire,solid
electric wire,solid
electric wire,solid
electric wire,solid
electric wire,solid
electric wire,solid
electric wire,solid
electric wire,solid
electric wire,solid
electric wire,electrical
electric wire,solid
electric wire,electrical
electric wire,electrical
electric wire,electrical
electric wire,electrical
electric wire,electrical
electric wire,electrical
electric wire,electrical
electric wire,electrical
electric wire,solid
electric wire,solid
electric wire,solid
electric wire,electrical
electric wire,electrical
electric wire,electrical
electric wire,electrical
electric wire,electrical
electric wire,electrical
electric wire,electrical
electric wire,electrical
electric wire,electrical
electric wire,electrical
electric wire,electrical
electric wire,electrical
electric wire,solid
electric wire,solid
electric wire,solid
electric wire,electrical
electric wire,solid
electric wire,solid
electric wire,electrical
electric wire,electrical
electric wire,solid
electric wire,solid
electric wire,solid
electric wire,electrical
electric wire,electrical
electric wire,electrical
electric wire,electrical
electric wire,electrical
electric wire,electrical
electric wire,electrical
electric wire,electrical
electric wire,electrical
electric wire,electrical
electric wire,electrical
electric wire,solid
electric wire,electrical
electric wire,electrical
electric wire,electrical
electric wire,electrical
electric wire,electrical
electric wire,electrical
electric wire,solid
electric wire,electrical
electric wire,electrical
electric wire,electrical
electric wire,electrical
electric wire,electrical
electric wire,electrical
electric wire,solid
electric wire,electrical
electric wire,electrical
electric wire,control
electric wire,electrical
electric wire,solid
electric wire,solid
electric wire,solid
electric wire,solid
electric wire,solid
electric wire,solid
electric wire,solid
electric wire,solid
electric wire,electrical
electric wire,electrical
electric wire,electrical
electric wire,electrical
electric wire,electrical
electric wire,electrical
electric wire,electrical
electric wire,electrical
electric wire,solid
electric wire,solid
electric wire,solid
electric wire,electrical
electric wire,electrical
electric wire,electrical
electric wire,electrical
electric wire,electrical
electric wire,electrical
electric wire,solid
electric wire,solid
electric wire,solid
electric wire,control
electric wire,electrical
electric wire,electrical
electric wire,electrical
electric wire,electrical
electric wire,electrical
electric wire,electrical
electric wire,electrical
electric wire,electrical
electric wire,electrical
electric wire,electrical
electric wire,electrical
electric wire,electrical
electric wire,electrical
electric wire,electrical
electric wire,electrical
electric wire,electrical
electric wire,electrical
extension,rotational
extension,solid
extension,solid
extension,mechanical
fan,mechanical
fan,solid
fan,thermal
fan,mechanical
friction enhancer,solid
fuse,electrical
fuse,electrical
gear,mechanical
gear,mechanical
gear,mechanical
gear,mechanical
gear,mechanical
gear,mechanical
gear,solid
gear,solid
gear,solid
gear,solid
gear,solid
gear,solid
gear,solid
gear,solid
gear,solid
gear,solid
gear,solid
gear,control
gear,mechanical
gear,control
gear,mechanical
gear,mechanical
gear,mechanical
gear,mechanical
gear,mechanical
gear,mechanical
gear,mechanical
gear,solid
gear,mechanical
gear,solid
gear,solid
gear,solid
gear,solid
gear,solid
gear,solid
gear,mechanical
gear,mechanical
gear,mechanical
gear,mechanical
gear,mechanical
gear,solid
gear,solid
gear,solid
gear,mechanical
gear,mechanical
gear,solid
gear,solid
gear,mechanical
gear,solid
gear,mechanical
gear,rotational
gear,rotational
gear,rotational
gear,rotational
gear,solid
gear,solid
gear,solid
gear,solid
gear,rotational
gear,rotational
gear,rotational
gear,rotational
gear,solid
gear,solid
gear,solid
gear,solid
gear,solid
gear,solid
gear,solid
gear,solid
gear,solid
gear,mechanical
gear,solid
gear,mechanical
gear,mechanical
gear,solid
gear,mechanical
gear,mechanical
gear,mechanical
gear,mechanical
gear,mechanical
gear,mechanical
gear,mechanical
gear,solid
gear,solid
gear,solid
gear,solid
gear,solid
gear,control
gear,control
gear,mechanical
gear,mechanical
gear,control
gear,mechanical
gear,mechanical
gear,mechanical
gear,mechanical
gear,mechanical
gear,mechanical
gear,mechanical
gear,solid
gear,mechanical
gear,mechanical
gear,mechanical
gear,mechanical
gear,mechanical
gear,solid
gear,solid
gear,mechanical
gear,mechanical
gear,mechanical
gear,solid
gear,solid
gear,solid
gear,mechanical
gear,mechanical
gear,mechanical
gear,mechanical
gear,mechanical
gear,mechanical
gear,mechanical
gear,mechanical
gear,mechanical
gear,solid
gear,solid
gear,solid
gear,solid
gear,solid
gear,solid
gear,solid
gear,solid
gear,solid
gear,solid
gear,solid
gear,mechanical
gear,mechanical
gear,mechanical
gear,mechanical
gear,mechanical
glue,solid
guiders,solid
guiders,solid
guiders,visual
guiders,solid
guiders,solid
guiders,control
guiders,solid
guiders,solid
guiders,solid
guiders,solid
guiders,solid
guiders,solid
guiders,solid
guiders,solid
guiders,solid
guiders,human energy
guiders,human material
guiders,solid
guiders,human energy
guiders,solid
guiders,human material
guiders,solid
guiders,solid
guiders,solid
guiders,solid
guiders,solid
guiders,solid
guiders,solid
guiders,solid
guiders,solid
guiders,solid
guiders,solid
guiders,control
guiders,solid
guiders,solid
guiders,solid
guiders,rotational
guiders,solid
guiders,solid
guiders,solid
guiders,solid
guiders,solid
guiders,solid
guiders,solid
guiders,mechanical
guiders,mechanical
guiders,mechanical
guiders,solid
guiders,solid
guiders,solid
guiders,solid
guiders,mechanical
guiders,mechanical
guiders,solid
guiders,human material
guiders,solid
guiders,solid
guiders,human material
guiders,solid
guiders,solid
guiders,solid
guiders,solid
guiders,solid
guiders,solid
guiders,solid
guiders,solid
guiders,solid
guiders,solid
guiders,solid
handle,solid
handle,solid
handle,control
handle,human energy
handle,solid
handle,solid
handle,solid
handle,human energy
handle,human material
handle,control
handle,human energy
handle,human material
handle,solid
handle,human energy
handle,human material
handle,human material
handle,mechanical
handle,mechanical
handle,human energy
handle,human material
handle,human material
handle,mechanical
handle,mechanical
handle,mechanical
hinge,solid
hinge,solid
hinge,solid
hinge,solid
hinge,human energy
hinge,solid
hinge,solid
hinge,solid
housing,solid
housing,solid
housing,control
housing,human energy
housing,solid
housing,solid
housing,solid
housing,solid
housing,solid
housing,solid
housing,solid
housing,solid
housing,human material
housing,solid
housing,solid
housing,solid
housing,solid
housing,solid
housing,control
housing,solid
housing,solid
housing,solid
housing,human material
housing,human material
housing,solid
housing,solid
housing,human material
housing,solid
housing,solid
housing,solid
housing,solid
housing,solid
housing,solid
housing,human energy
housing,human energy
housing,solid
housing,solid
housing,solid
housing,solid
housing,solid
housing,solid
housing,solid
housing,mechanical
housing,solid
housing,solid
housing,solid
housing,solid
housing,solid
housing,solid
housing,solid
housing,solid
housing,solid
housing,solid
housing,solid
housing,solid
housing,mechanical
housing,mechanical
housing,solid
housing,human material
housing,human material
housing,solid
housing,solid
housing,solid
housing,solid
housing,human energy
housing,human material
housing,human material
housing,human energy
housing,human material
housing,solid
housing,solid
housing,solid
housing,solid
housing,solid-liquid
housing,mechanical
housing,mechanical
housing,solid
housing,solid
housing,solid
housing,solid
housing,solid
housing,solid
housing,solid
housing,solid
housing,solid
housing,solid
housing,solid
housing,solid
housing,solid
housing,solid
housing,gas
housing,human material
housing,human material
housing,human material
housing,human material
housing,solid
housing,solid
housing,gas
housing,human material
housing,human material
housing,solid
housing,human energy
housing,human energy
housing,solid
housing,human energy
housing,solid
housing,solid
housing,solid
housing,solid
housing,human material
housing,human material
housing,solid
housing,solid
housing,solid
housing,solid
housing,human material
housing,solid
housing,solid
housing,solid
housing,solid
housing,solid
housing,control
housing,human energy
housing,human energy
housing,solid
housing,solid
housing,human energy
housing,solid
housing,solid
housing,solid
housing,solid
housing,solid
housing,solid
housing,solid
housing,solid
housing,solid
housing,solid
housing,solid
housing,solid
housing,solid
housing,solid
housing,solid
housing,solid
housing,solid
housing,solid
housing,solid
housing,solid
housing,solid
housing,solid
housing,solid
housing,solid
housing,solid
housing,solid
housing,solid
housing,solid
housing,solid
housing,mechanical
housing,solid
housing,solid
housing,solid
housing,solid
housing,mechanical
housing,mechanical
housing,solid
housing,mechanical
housing,solid
housing,solid
housing,mechanical
housing,solid
housing,human material
housing,human material
housing,human material
housing,human material
housing,human material
housing,human material
housing,solid
housing,solid
housing,solid
housing,solid
housing,solid
housing,solid
housing,human material
housing,human material
housing,human material
housing,human material
housing,solid
housing,solid
housing,solid
housing,human material
housing,human material
housing,solid
housing,solid
housing,solid
housing,solid
housing,solid
housing,mechanical
housing,mechanical
housing,solid
housing,solid
housing,solid
housing,mechanical
housing,mechanical
housing,mechanical
housing,mechanical
housing,solid
housing,solid
housing,solid
housing,solid
housing,mechanical
housing,mechanical
hydraulic piston,human energy
hydraulic piston,solid
hydraulic piston,human energy
hydraulic piston,mechanical
ic motor,chemical
ic motor,chemical
ic motor,chemical
ic motor,chemical
ic motor,liquid-gas
ic motor,solid
ic motor,solid
indicator light,solid
indicator light,electrical
insert,solid
insert,solid
insert,solid
insert,solid
insert,solid
key,electrical
key,solid
key,solid
knob,solid
latch release,human energy
latch release,human energy
latch release,mechanical
latch release,solid
latch release,solid
latch release,human material
latch release,human material
latch release,solid
latch release,human material
latch release,human energy
latch release,human material
latch release,solid
latch release,solid
latch release,solid
latch release,solid
latch release,solid
latch release,solid
latch release,human energy
latch release,solid
latch release,solid
latch release,solid
latch release,solid
latch release,human material
latch release,human material
latch release,solid
lever,solid
lever,control
lever,solid
lever,solid
lever,human energy
lever,human energy
lever,solid
lever,solid
lever,status
lever,mechanical
lever,mechanical
light source,electrical
light source,optical
light source,solid
link,solid
link,control
link,solid
link,solid
link,control
link,solid
link,solid
link,mechanical
link,mechanical
link,control
link,rotational
link,solid
link,solid
link,mechanical
link,mechanical
link,solid
link,solid
link,solid
link,mechanical
link,mechanical
link,mechanical
link,mechanical
link,solid
link,mechanical
link,solid
material filter,solid-gas
material filter,solid-gas
material filter,solid
mixer,solid
mixer,chemical
mixer,gas
mixer,liquid
mixer,solid
nozzle,solid
nozzle,solid
nut-bolt,solid
nut-bolt,solid
nut-bolt,solid
nut-bolt,solid
nut-bolt,solid
nut-bolt,solid
nut-bolt,solid
nut-bolt,solid
nut-bolt,solid
nut-bolt,solid
nut-bolt,solid
nut-bolt,solid
nut-bolt,solid
nut-bolt,solid
nut-bolt,solid
nut-bolt,solid
nut-bolt,solid
nut-bolt,solid
nut-bolt,solid
nut-bolt,solid
nut-bolt,solid
nut-bolt,solid
nut-bolt,solid
nut-bolt,solid
nut-bolt,solid
nut-bolt,solid
nut-bolt,solid
nut-bolt,solid
nut-bolt,solid
nut-bolt,solid
nut-bolt,solid
nut-bolt,solid
nut-bolt,solid
nut-bolt,solid
nut-bolt,solid
nut-bolt,solid
nut-bolt,solid
nut-bolt,solid
nut-bolt,solid
nut-bolt,solid
nut-bolt,solid
nut-bolt,solid
nut-bolt,solid
nut-bolt,solid
nut-bolt,solid
nut-bolt,solid
nut-bolt,solid
nut-bolt,solid
nut-bolt,solid
nut-bolt,solid
nut-bolt,solid
nut-bolt,solid
nut-bolt,solid
nut-bolt,solid
nut-bolt,solid
nut-bolt,solid
nut-bolt,solid
nut-bolt,solid
nut-bolt,solid
nut-bolt,solid
nut-bolt,solid
nut-bolt,mechanical
nut-bolt,solid
nut-bolt,solid
nut-bolt,solid
nut-bolt,solid
nut-bolt,solid
nut-bolt,solid
nut-bolt,solid
nut-bolt,solid
nut-bolt,solid
nut-bolt,solid
nut-bolt,solid
nut-bolt,solid
nut-bolt,solid
output acoustic energy,solid
output acoustic energy,auditory
output acoustic energy,gas
output thermal energy,thermal
output thermal energy,solid
positioner,solid
positioner,solid
positioner,solid
positioner,solid
positioner,solid
positioner,solid
positioner,solid
positioner,solid
positioner,solid
positioner,solid
positioner,control
positioner,solid
positioner,solid
positioner,solid
positioner,solid
positioner,solid
positioner,solid
positioner,solid
positioner,solid
positioner,solid
positioner,solid
positioner,solid
positioner,solid
pulley,human energy
pulley,solid
pulley,solid
pulley,mechanical
pulley,mechanical
retaining clip,solid
retaining clip,solid
retaining clip,solid
retaining clip,solid
retaining clip,solid
retaining clip,solid
retaining clip,solid
retaining clip,solid
retaining clip,solid
retaining clip,solid
retaining clip,solid
retaining clip,solid
retaining clip,solid
retaining clip,solid
retaining clip,solid
rivet,solid
rivet,solid
screen,solid
screw,solid
screw,solid
screw,solid
screw,solid
screw,solid
screw,solid
screw,solid
screw,solid
screw,solid
screw,solid
screw,solid
screw,solid
screw,solid
screw,solid
screw,solid
screw,solid
screw,solid
screw,solid
screw,solid
screw,solid
screw,solid
screw,solid
screw,solid
screw,solid
screw,solid
screw,solid
screw,solid
screw,solid
screw,solid
screw,solid
screw,solid
screw,solid
screw,solid
screw,solid
screw,solid
screw,solid
screw,solid
screw,solid
screw,solid
screw,solid
screw,solid
screw,solid
screw,solid
screw,solid
screw,solid
screw,solid
screw,solid
screw,solid
screw,solid
screw,solid
screw,solid
screw,solid
screw,solid
screw,solid
screw,solid
screw,solid
screw,solid
screw,solid
screw,solid
screw,solid
screw,solid
screw,solid
screw,solid
screw,solid
screw,solid
screw,solid
screw,solid
screw,solid
screw,solid
screw,solid
screw,solid
screw,solid
screw,solid
screw,solid
screw,solid
screw,solid
screw,solid
screw,solid
screw,solid
screw,solid
screw,solid
screw,solid
screw,solid
screw,solid
shaft,solid
shaft,solid
shaft,solid
shaft,acoustic
shaft,solid
shaft,solid
shaft,solid
shaft,solid
shaft,solid
shaft,mechanical
shaft,solid
shaft,human energy
shaft,mechanical
shaft,mechanical
shaft,solid
shaft,solid
shaft,solid
shaft,solid
shaft,solid
shaft,rotational
shaft,solid
shaft,solid
shaft,solid
shaft,solid
shaft,rotational
shaft,rotational
shaft,solid
shaft,solid
shaft,solid
shaft,solid
shaft,mechanical
shaft,solid
shaft,solid
shaft,control
shaft,mechanical
shaft,mechanical
shaft,solid
shaft,human energy
shaft,solid
shaft,mechanical
shaft,solid
shaft,solid
shaft,human energy
shaft,solid
shaft,solid
shaft,solid
shaft,solid
shaft,mechanical
shaft,mechanical
shaft,mechanical
shaft,mechanical
shaft,mechanical
shaft,mechanical
shaft,solid
shaft,solid
shaft,solid
shaft,mechanical
shaft,solid
shaft,solid
shaft,solid
shaft,solid
shaft,mechanical
shaft,mechanical
shaft,mechanical
shaft,acoustic
shaft,human material
shaft,mechanical
shaft,solid
shaft,thermal
shaft,solid
shaft,human material
shaft,solid
shaft,solid
shaft,solid
shaft,solid
shaft,mechanical
shaft,mechanical
solder,solid
spring,solid
spring,solid
spring,control
spring,solid
spring,mechanical
spring,mechanical
spring,mechanical
spring,solid
spring,mechanical
spring,solid
spring,solid
spring,solid
spring,solid
spring,solid
spring,solid
spring,control
spring,solid
spring,electrical
spring,mechanical
spring,solid
spring,solid
spring,solid
spring,mechanical
spring,mechanical
spring,mechanical
spring,mechanical
spring,mechanical
spring,solid
spring,mechanical
spring,mechanical
spring,solid
spring,solid
spring,solid
spring,solid
spring,solid
spring,solid
spring,solid
spring,solid
spring,solid
sprocket,mechanical
stabilizer,solid
stop,solid
stop,solid
stop,control
stop,solid
stop,solid
stop,solid
stop,solid
stop,solid
stopper,solid
stopper,mechanical
stopper,solid
support,solid
support,solid
support,solid
support,control
support,solid
support,solid
support,solid
support,solid
support,solid
support,solid
support,solid
support,solid
support,solid
support,solid
support,solid
support,mechanical
support,mechanical
support,mechanical
support,mechanical
support,solid
support,mechanical
support,mechanical
support,solid
support,solid
support,solid
support,solid
support,solid
support,electrical
support,solid
support,solid
support,solid
support,solid
support,solid
support,solid
support,solid
support,solid
support,solid
support,solid
support,control
support,human material
support,human energy
support,human material
support,human material
support,mechanical
support,solid
support,solid
support,solid
support,solid
support,solid
support,solid
support,solid
support,solid
support,human material
support,mechanical
support,mechanical
support,solid
support,solid
support,solid
support,solid
support,mechanical
support,solid
support,solid
support,solid
support,solid
support,solid
support,solid
support,solid
support,solid
system,electrical
system,human energy
system,human material
system,rotational
system,solid
system,solid
system,solid-liquid
system,electrical
system,human energy
system,human material
system,mechanical
system,solid
system,electrical
system,human energy
system,human material
system,mechanical
transferor,solid
transferor,electrical
transistor,electrical
transistor,solid
transistor,electrical
tube,solid
tube,chemical
tube,human energy
tube,human energy
unclassified,solid
unclassified,status
unclassified,human energy
unclassified,human energy
unclassified,solid
unclassified,human energy
unclassified,solid
unclassified,solid
unclassified,solid
unclassified,human material
unclassified,solid
unclassified,solid
unclassified,solid
unclassified,solid
unclassified,human material
unclassified,solid
unclassified,solid
unclassified,solid
unclassified,solid
unclassified,solid
unclassified,solid
unclassified,solid
unclassified,human energy
unclassified,solid
unclassified,solid
unclassified,human material
unclassified,human material
unclassified,mechanical
unclassified,solid
unclassified,solid
unclassified,solid
unclassified,solid
unclassified,solid
unclassified,control
unclassified,control
unclassified,human energy
unclassified,human material
unclassified,human material
unclassified,solid
unclassified,solid
unclassified,solid
unclassified,solid
unclassified,solid
unclassified,solid
unclassified,solid
unclassified,solid
unclassified,solid
washer,solid
washer,solid
washer,solid
washer,solid
washer,solid
washer,solid
washer,solid
washer,solid
washer,solid
washer,human energy
washer,solid
washer,solid
washer,solid
washer,solid
washer,solid
washer,solid
washer,solid
washer,solid
washer,solid
washer,solid
washer,solid
washer,solid
washer,solid
washer,solid
washer,solid
washer,solid
washer,solid
washer,solid
washer,solid
washer,solid
washer,solid
washer,solid
washer,solid
washer,solid
washer,solid
wheel,control
wheel,human energy
wheel,visual
wheel,solid
wheel,mechanical
wheel,human energy
wheel,mechanical
wheel,mechanical
wheel,mechanical
wheel,mechanical
wheel,solid
wheel,solid
wheel,solid
wheel,human energy
wheel,solid
wheel,solid