actuator,convert
actuator,import
actuator,transfer
battery,position
battery,store
battery,supply
battery,transfer
battery,import
battery,position
battery,secure
battery,store
battery,supply
battery,guide
battery,store
battery,supply
battery,transfer
battery,store
battery,supply
battery,transfer
battery,store
battery,supply
battery,transfer
battery,store
battery,supply
battery,import
battery,import
battery,store
battery,store
battery,supply
battery,supply
battery,transfer
battery,transfer
battery,export
battery,import
battery,import
battery,secure
battery,store
battery,supply
battery,transfer
battery,import
battery,store
battery,supply
battery,transfer
bearing,guide
bearing,position
bearing,guide
bearing,guide
bearing,guide
bearing,guide
bearing,guide
bearing,position
belt,transfer
blade,couple
blade,import
blade,remove
blade,transfer
blade,secure
blade,transfer
blade,guide
blade,secure
blade,export
blade,guide
blade,position
blade,separate
blade,transfer
blade,distribute
blade,guide
blade,import
blade,secure
blade,separate
blade,change
blade,couple
blade,export
blade,separate
blade,convert
blade,convert
blade,export
blade,export
blade,export
blade,export
blade,guide
blade,import
blade,position
blade,secure
blade,separate
blade,convert
blade,export
blade,guide
blade,secure
blade,transfer
blade,transfer
blade,export
blade,import
blade,separate
blade,transfer
blade,export
blade,import
blade,separate
blade,transfer
blade,transfer
blade,export
blade,import
blade,separate
blade,transfer
blade,export
blade,export
blade,export
blade,export
blade,import
blade,import
blade,separate
blade,separate
blade,separate
blade,separate
blade,export
blade,separate
blade,export
blade,export
blade,guide
blade,import
blade,indicate
blade,secure
blade,separate
blade,change
blade,export
blade,export
blade,export
blade,import
blade,separate
blade,distribute
blade,export
blade,export
blade,export
blade,import
blade,export
blade,export
blade,export
blade,export
blade,export
blade,import
blade,import
bracket,export
bracket,export
bracket,guide
bracket,guide
bracket,guide
bracket,position
bracket,position
bracket,position
bracket,secure
bracket,secure
bracket,secure
bracket,secure
bracket,secure
bracket,secure
bracket,secure
bracket,secure
bracket,secure
bracket,support
bracket,support
bracket,transfer
bracket,transfer
bracket,transfer
bracket,transfer
bracket,transfer
bracket,transfer
bracket,transfer
cam,secure
cam,transfer
cam,position
cam,transfer
cam,position
cap,position
cap,secure
cap,position
cap,secure
cap,position
cap,secure
cap,guide
cap,secure
cap,couple
cap,position
cap,prevent
cap,prevent
cap,prevent
cap,prevent
cap,prevent
changer,transfer
circuit board,process
circuit board,regulate
circuit board,guide
circuit board,regulate
circuit board,transfer
clamp,couple
clamp,couple
clamp,position
clamp,secure
clamp,transfer
clamp,couple
clamp,secure
clamp,transfer
clamp,couple
connector,couple
connector,couple
connector,transfer
connector,transfer
container,couple
container,import
container,import
container,store
container,store
container,position
container,store
container,export
container,store
container,export
container,guide
container,position
container,store
converter,convert
converter,convert
converter,convert
converter,convert
converter,convert
converter,convert
converter,convert
converter,convert
converter,import
converter,import
converter,import
converter,import
converter,import
converter,store
converter,store
cover,convert
cover,guide
cover,guide
cover,guide
cover,position
cover,position
cover,position
cover,couple
cover,position
cover,position
cover,secure
cover,secure
cover,transfer
cover,convert
cover,guide
cover,import
cover,position
cover,secure
cover,couple
cover,guide
cover,guide
cover,stop
cover,guide
cover,position
cover,stop
cover,convert
cover,export
cover,guide
cover,guide
cover,guide
cover,import
cover,import
cover,position
cover,position
cover,position
cover,guide
cover,prevent
cover,prevent
cover,prevent
cover,prevent
cover,prevent
cover,prevent
cover,prevent
cover,secure
cover,export
cover,guide
cover,guide
cover,import
cover,import
cover,indicate
cover,position
cover,transfer
cover,guide
cover,position
cover,guide
cover,guide
cover,position
cover,position
cover,secure
cushion,distribute
cushion,position
cushion,support
cushion,position
cushion,position
diode,regulate
divider,guide
divider,position
door,position
door,secure
electric conductor,couple
electric cord,couple
electric cord,export
electric cord,import
electric cord,position
electric cord,transfer
electric cord,import
electric cord,transfer
electric cord,export
electric cord,import
electric cord,transfer
electric cord,import
electric cord,transfer
electric motor,convert
electric motor,couple
electric motor,guide
electric motor,secure
electric motor,transfer
electric motor,change
electric motor,convert
electric motor,couple
electric motor,transfer
electric motor,convert
electric motor,convert
electric motor,couple
electric motor,distribute
electric motor,guide
electric motor,secure
electric motor,transfer
electric motor,convert
electric motor,guide
electric motor,secure
electric motor,convert
electric motor,couple
electric motor,position
electric motor,couple
electric motor,secure
electric motor,transfer
electric motor,convert
electric motor,couple
electric motor,position
electric motor,secure
electric motor,convert
electric motor,convert
electric motor,export
electric motor,position
electric motor,secure
electric motor,transfer
electric motor,convert
electric motor,guide
electric motor,transfer
electric motor,convert
electric motor,guide
electric motor,transfer
electric motor,convert
electric motor,guide
electric motor,transfer
electric motor,convert
electric motor,convert
electric motor,guide
electric motor,actuate
electric motor,convert
electric motor,export
electric motor,export
electric motor,position
electric motor,secure
electric motor,convert
electric motor,guide
electric motor,secure
electric motor,transfer
electric motor,convert
electric motor,export
electric motor,export
electric motor,guide
electric motor,position
electric motor,transfer
electric motor,convert
electric motor,export
electric motor,export
electric motor,guide
electric motor,secure
electric motor,transfer
electric switch,actuate
electric switch,actuate
electric switch,convert
electric switch,convert
electric switch,couple
electric switch,export
electric switch,export
electric switch,guide
electric switch,import
electric switch,import
electric switch,position
electric switch,regulate
electric switch,regulate
electric switch,secure
electric switch,transfer
electric switch,actuate
electric switch,couple
electric switch,regulate
electric switch,regulate
electric switch,secure
electric switch,secure
electric switch,transfer
electric switch,actuate
electric switch,actuate
electric switch,convert
electric switch,couple
electric switch,couple
electric switch,export
electric switch,import
electric switch,import
electric switch,secure
electric switch,secure
electric switch,guide
electric switch,import
electric switch,secure
electric switch,actuate
electric switch,actuate
electric switch,convert
electric switch,actuate
electric switch,regulate
electric switch,secure
electric switch,actuate
electric switch,actuate
electric switch,convert
electric switch,import
electric switch,secure
electric switch,actuate
electric switch,couple
electric switch,actuate
electric switch,actuate
electric switch,convert
electric switch,export
electric switch,guide
electric switch,guide
electric switch,import
electric switch,import
electric switch,actuate
electric switch,actuate
electric switch,convert
electric switch,convert
electric switch,export
electric switch,guide
electric switch,import
electric switch,import
electric switch,secure
electric switch,transfer
electric switch,convert
electric switch,convert
electric switch,export
electric switch,import
electric switch,import
electric switch,import
electric switch,import
electric switch,position
electric switch,regulate
electric switch,regulate
electric switch,secure
electric switch,transfer
electric switch,actuate
electric switch,convert
electric switch,export
electric switch,import
electric switch,regulate
electric switch,regulate
electric switch,secure
electric switch,transfer
electric switch,actuate
electric switch,actuate
electric switch,convert
electric switch,import
electric switch,position
electric switch,actuate
electric switch,actuate
electric switch,actuate
electric switch,actuate
electric switch,regulate
electric switch,convert
electric switch,convert
electric switch,import
electric switch,store
electric switch,transfer
electric switch,actuate
electric switch,actuate
electric switch,convert
electric switch,export
electric switch,import
electric switch,secure
electric switch,actuate
electric switch,convert
electric switch,export
electric switch,export
electric switch,import
electric switch,import
electric switch,import
electric switch,position
electric switch,regulate
electric switch,actuate
electric switch,convert
electric switch,export
electric switch,export
electric switch,export
electric switch,guide
electric switch,import
electric switch,import
electric switch,import
electric switch,import
electric switch,import
electric switch,regulate
electric switch,secure
electric wire,couple
electric wire,couple
electric wire,couple
electric wire,couple
electric wire,couple
electric wire,position
electric wire,position
electric wire,secure
electric wire,secure
electric wire,transfer
electric wire,transfer
electric wire,transfer
electric wire,transfer
electric wire,transfer
electric wire,transfer
electric wire,couple
electric wire,couple
electric wire,couple
electric wire,couple
electric wire,couple
electric wire,couple
electric wire,couple
electric wire,couple
electric wire,couple
electric wire,import
electric wire,position
electric wire,transfer
electric wire,transfer
electric wire,transfer
electric wire,transfer
electric wire,transfer
electric wire,transfer
electric wire,transfer
electric wire,transfer
electric wire,couple
electric wire,couple
electric wire,couple
electric wire,transfer
electric wire,transfer
electric wire,transfer
electric wire,transfer
electric wire,transfer
electric wire,transfer
electric wire,transfer
electric wire,transfer
electric wire,transfer
electric wire,transfer
electric wire,transfer
electric wire,transfer
electric wire,couple
electric wire,couple
electric wire,secure
electric wire,transfer
electric wire,couple
electric wire,couple
electric wire,transfer
electric wire,transfer
electric wire,couple
electric wire,couple
electric wire,couple
electric wire,transfer
electric wire,transfer
electric wire,transfer
electric wire,transfer
electric wire,transfer
electric wire,transfer
electric wire,transfer
electric wire,transfer
electric wire,transfer
electric wire,transfer
electric wire,transfer
electric wire,couple
electric wire,transfer
electric wire,transfer
electric wire,transfer
electric wire,transfer
electric wire,transfer
electric wire,transfer
electric wire,couple
electric wire,transfer
electric wire,transfer
electric wire,transfer
electric wire,transfer
electric wire,transfer
electric wire,transfer
electric wire,position
electric wire,transfer
electric wire,transfer
electric wire,indicate
electric wire,transfer
electric wire,position
electric wire,position
electric wire,position
electric wire,position
electric wire,secure
electric wire,secure
electric wire,secure
electric wire,secure
electric wire,transfer
electric wire,transfer
electric wire,transfer
electric wire,transfer
electric wire,transfer
electric wire,transfer
electric wire,transfer
electric wire,transfer
electric wire,couple
electric wire,position
electric wire,position
electric wire,transfer
electric wire,transfer
electric wire,transfer
electric wire,transfer
electric wire,transfer
electric wire,transfer
electric wire,couple
electric wire,position
electric wire,position
electric wire,transfer
electric wire,transfer
electric wire,transfer
electric wire,transfer
electric wire,transfer
electric wire,transfer
electric wire,transfer
electric wire,transfer
electric wire,transfer
electric wire,transfer
electric wire,transfer
electric wire,transfer
electric wire,transfer
electric wire,transfer
electric wire,transfer
electric wire,transfer
electric wire,transfer
electric wire,transfer
extension,convert
extension,position
extension,position
extension,transfer
fan,convert
fan,secure
fan,transfer
fan,convert
friction enhancer,guide
fuse,regulate
fuse,regulate
gear,change
gear,change
gear,change
gear,change
gear,change
gear,change
gear,guide
gear,guide
gear,guide
gear,guide
gear,guide
gear,guide
gear,guide
gear,guide
gear,position
gear,position
gear,position
gear,regulate
gear,regulate
gear,transfer
gear,transfer
gear,transfer
gear,transfer
gear,transfer
gear,transfer
gear,change
gear,change
gear,couple
gear,guide
gear,guide
gear,guide
gear,position
gear,position
gear,secure
gear,secure
gear,transfer
gear,transfer
gear,transfer
gear,change
gear,change
gear,guide
gear,guide
gear,position
gear,transfer
gear,transfer
gear,guide
gear,position
gear,regulate
gear,secure
gear,transfer
gear,change
gear,change
gear,change
gear,change
gear,guide
gear,guide
gear,guide
gear,secure
gear,change
gear,change
gear,change
gear,change
gear,guide
gear,guide
gear,guide
gear,guide
gear,position
gear,position
gear,secure
gear,secure
gear,secure
gear,change
gear,guide
gear,transfer
gear,change
gear,secure
gear,transfer
gear,change
gear,change
gear,change
gear,change
gear,change
gear,change
gear,guide
gear,guide
gear,guide
gear,guide
gear,position
gear,regulate
gear,regulate
gear,regulate
gear,regulate
gear,transfer
gear,transfer
gear,transfer
gear,transfer
gear,transfer
gear,transfer
gear,change
gear,guide
gear,guide
gear,transfer
gear,regulate
gear,transfer
gear,transfer
gear,change
gear,guide
gear,secure
gear,transfer
gear,change
gear,change
gear,guide
gear,guide
gear,secure
gear,transfer
gear,transfer
gear,change
gear,change
gear,change
gear,change
gear,change
gear,change
gear,change
gear,guide
gear,guide
gear,guide
gear,guide
gear,guide
gear,guide
gear,guide
gear,guide
gear,position
gear,position
gear,position
gear,transfer
gear,transfer
gear,transfer
gear,transfer
gear,transfer
glue,couple
guiders,couple
guiders,export
guiders,export
guiders,guide
guiders,position
guiders,transfer
guiders,guide
guiders,guide
guiders,import
guiders,secure
guiders,secure
guiders,guide
guiders,guide
guiders,position
guiders,stop
guiders,convert
guiders,export
guiders,export
guiders,extract
guiders,guide
guiders,import
guiders,import
guiders,position
guiders,position
guiders,guide
guiders,guide
guiders,position
guiders,guide
guiders,guide
guiders,guide
guiders,position
guiders,position
guiders,transfer
guiders,guide
guiders,guide
guiders,position
guiders,convert
guiders,guide
guiders,guide
guiders,guide
guiders,position
guiders,secure
guiders,secure
guiders,export
guiders,transfer
guiders,transfer
guiders,guide
guiders,guide
guiders,guide
guiders,position
guiders,secure
guiders,transfer
guiders,transfer
guiders,couple
guiders,export
guiders,export
guiders,guide
guiders,import
guiders,import
guiders,position
guiders,position
guiders,position
guiders,secure
guiders,separate
guiders,guide
guiders,guide
guiders,guide
guiders,guide
guiders,position
handle,couple
handle,guide
handle,import
handle,import
handle,export
handle,guide
handle,import
handle,convert
handle,export
handle,import
handle,import
handle,import
handle,secure
handle,convert
handle,export
handle,export
handle,export
handle,guide
handle,import
handle,import
handle,import
handle,import
handle,mix
handle,transfer
hinge,couple
hinge,guide
hinge,position
hinge,secure
hinge,transfer
hinge,couple
hinge,couple
hinge,position
housing,couple
housing,guide
housing,transfer
housing,transfer
housing,couple
housing,couple
housing,couple
housing,couple
housing,guide
housing,guide
housing,guide
housing,guide
housing,import
housing,position
housing,position
housing,position
housing,secure
housing,secure
housing,transfer
housing,couple
housing,position
housing,couple
housing,export
housing,guide
housing,guide
housing,guide
housing,import
housing,position
housing,position
housing,secure
housing,secure
housing,guide
housing,guide
housing,import
housing,import
housing,position
housing,position
housing,position
housing,secure
housing,secure
housing,secure
housing,guide
housing,import
housing,import
housing,position
housing,position
housing,position
housing,position
housing,position
housing,secure
housing,secure
housing,store
housing,couple
housing,couple
housing,couple
housing,distribute
housing,distribute
housing,guide
housing,import
housing,import
housing,position
housing,position
housing,position
housing,secure
housing,convert
housing,export
housing,guide
housing,import
housing,import
housing,secure
housing,secure
housing,secure
housing,secure
housing,stop
housing,transfer
housing,transfer
housing,couple
housing,couple
housing,couple
housing,position
housing,position
housing,secure
housing,guide
housing,guide
housing,position
housing,position
housing,position
housing,position
housing,secure
housing,secure
housing,export
housing,export
housing,export
housing,guide
housing,guide
housing,guide
housing,guide
housing,import
housing,import
housing,import
housing,position
housing,export
housing,guide
housing,guide
housing,import
housing,position
housing,position
housing,position
housing,secure
housing,export
housing,guide
housing,guide
housing,guide
housing,guide
housing,guide
housing,import
housing,position
housing,position
housing,position
housing,secure
housing,secure
housing,transfer
housing,export
housing,guide
housing,guide
housing,guide
housing,import
housing,position
housing,position
housing,position
housing,position
housing,secure
housing,export
housing,export
housing,guide
housing,guide
housing,guide
housing,guide
housing,import
housing,import
housing,position
housing,position
housing,position
housing,position
housing,position
housing,position
housing,position
housing,secure
housing,secure
housing,secure
housing,secure
housing,secure
housing,secure
housing,secure
housing,store
housing,store
housing,export
housing,export
housing,position
housing,secure
housing,transfer
housing,distribute
housing,export
housing,guide
housing,import
housing,position
housing,position
housing,stabilize
housing,couple
housing,export
housing,export
housing,import
housing,import
housing,position
housing,position
housing,position
housing,position
housing,position
housing,secure
housing,secure
housing,secure
housing,support
housing,support
housing,export
housing,export
housing,guide
housing,guide
housing,guide
housing,import
housing,import
housing,position
housing,position
housing,position
housing,secure
housing,secure
housing,export
housing,export
housing,guide
housing,guide
housing,guide
housing,import
housing,import
housing,mix
housing,mix
housing,position
housing,position
housing,secure
housing,secure
housing,transmit
housing,transmit
hydraulic piston,convert
hydraulic piston,guide
hydraulic piston,import
hydraulic piston,transfer
ic motor,convert
ic motor,convert
ic motor,convert
ic motor,convert
ic motor,convert
ic motor,couple
ic motor,secure
indicator light,position
indicator light,transfer
insert,couple
insert,couple
insert,position
insert,secure
insert,secure
key,actuate
key,couple
key,couple
knob,couple
latch release,convert
latch release,import
latch release,transfer
latch release,position
latch release,position
latch release,export
latch release,guide
latch release,guide
latch release,import
latch release,convert
latch release,export
latch release,export
latch release,export
latch release,export
latch release,guide
latch release,guide
latch release,guide
latch release,import
latch release,import
latch release,import
latch release,import
latch release,position
latch release,export
latch release,import
latch release,position
lever,guide
lever,import
lever,secure
lever,guide
lever,import
lever,import
lever,position
lever,secure
lever,indicate
lever,transfer
lever,transfer
light source,convert
light source,export
light source,position
link,secure
link,transfer
link,guide
link,position
link,transfer
link,position
link,secure
link,transfer
link,transfer
link,transfer
link,convert
link,guide
link,guide
link,transfer
link,transfer
link,guide
link,guide
link,position
link,transfer
link,transfer
link,transfer
link,transfer
link,couple
link,transfer
link,position
material filter,extract
material filter,import
material filter,secure
mixer,couple
mixer,mix
mixer,mix
mixer,mix
mixer,secure
nozzle,couple
nozzle,position
nut-bolt,couple
nut-bolt,guide
nut-bolt,guide
nut-bolt,position
nut-bolt,position
nut-bolt,secure
nut-bolt,couple
nut-bolt,couple
nut-bolt,couple
nut-bolt,couple
nut-bolt,couple
nut-bolt,couple
nut-bolt,couple
nut-bolt,couple
nut-bolt,couple
nut-bolt,couple
nut-bolt,couple
nut-bolt,couple
nut-bolt,couple
nut-bolt,couple
nut-bolt,couple
nut-bolt,couple
nut-bolt,couple
nut-bolt,couple
nut-bolt,couple
nut-bolt,couple
nut-bolt,couple
nut-bolt,couple
nut-bolt,couple
nut-bolt,couple
nut-bolt,couple
nut-bolt,couple
nut-bolt,couple
nut-bolt,couple
nut-bolt,couple
nut-bolt,couple
nut-bolt,couple
nut-bolt,couple
nut-bolt,couple
nut-bolt,couple
nut-bolt,couple
nut-bolt,couple
nut-bolt,couple
nut-bolt,couple
nut-bolt,couple
nut-bolt,couple
nut-bolt,couple
nut-bolt,couple
nut-bolt,couple
nut-bolt,couple
nut-bolt,guide
nut-bolt,secure
nut-bolt,secure
nut-bolt,secure
nut-bolt,secure
nut-bolt,secure
nut-bolt,secure
nut-bolt,secure
nut-bolt,secure
nut-bolt,secure
nut-bolt,secure
nut-bolt,transfer
nut-bolt,couple
nut-bolt,guide
nut-bolt,guide
nut-bolt,guide
nut-bolt,guide
nut-bolt,guide
nut-bolt,guide
nut-bolt,guide
nut-bolt,position
nut-bolt,position
nut-bolt,position
nut-bolt,position
nut-bolt,secure
output acoustic energy,couple
output acoustic energy,export
output acoustic energy,export
output thermal energy,export
output thermal energy,position
positioner,guide
positioner,guide
positioner,guide
positioner,position
positioner,position
positioner,guide
positioner,guide
positioner,guide
positioner,guide
positioner,position
positioner,transfer
positioner,guide
positioner,guide
positioner,guide
positioner,guide
positioner,guide
positioner,guide
positioner,position
positioner,secure
positioner,secure
positioner,secure
positioner,guide
positioner,position
pulley,convert
pulley,couple
pulley,guide
pulley,transfer
pulley,transfer
retaining clip,couple
retaining clip,couple
retaining clip,couple
retaining clip,secure
retaining clip,secure
retaining clip,secure
retaining clip,secure
retaining clip,secure
retaining clip,secure
retaining clip,secure
retaining clip,secure
retaining clip,secure
retaining clip,secure
retaining clip,secure
retaining clip,secure
rivet,couple
rivet,couple
screen,couple
screw,couple
screw,couple
screw,couple
screw,couple
screw,couple
screw,couple
screw,couple
screw,couple
screw,couple
screw,couple
screw,couple
screw,couple
screw,couple
screw,couple
screw,couple
screw,couple
screw,couple
screw,couple
screw,couple
screw,couple
screw,couple
screw,couple
screw,couple
screw,couple
screw,couple
screw,couple
screw,couple
screw,couple
screw,couple
screw,couple
screw,couple
screw,position
screw,position
screw,couple
screw,couple
screw,couple
screw,couple
screw,couple
screw,couple
screw,couple
screw,couple
screw,couple
screw,couple
screw,couple
screw,couple
screw,guide
screw,position
screw,couple
screw,couple
screw,couple
screw,couple
screw,couple
screw,couple
screw,couple
screw,couple
screw,couple
screw,couple
screw,couple
screw,couple
screw,couple
screw,couple
screw,couple
screw,couple
screw,couple
screw,couple
screw,couple
screw,couple
screw,couple
screw,couple
screw,couple
screw,couple
screw,couple
screw,couple
screw,couple
screw,guide
screw,position
screw,couple
screw,couple
screw,couple
screw,couple
screw,couple
screw,couple
screw,couple
screw,couple
shaft,couple
shaft,guide
shaft,position
shaft,guide
shaft,guide
shaft,guide
shaft,position
shaft,position
shaft,position
shaft,regulate
shaft,secure
shaft,transfer
shaft,transfer
shaft,transfer
shaft,guide
shaft,guide
shaft,guide
shaft,position
shaft,secure
shaft,transfer
shaft,couple
shaft,guide
shaft,secure
shaft,secure
shaft,transfer
shaft,transfer
shaft,export
shaft,import
shaft,position
shaft,secure
shaft,transfer
shaft,guide
shaft,position
shaft,regulate
shaft,regulate
shaft,transfer
shaft,guide
shaft,convert
shaft,couple
shaft,export
shaft,guide
shaft,guide
shaft,import
shaft,position
shaft,position
shaft,secure
shaft,secure
shaft,transfer
shaft,transfer
shaft,transfer
shaft,transfer
shaft,transfer
shaft,transfer
shaft,guide
shaft,position
shaft,secure
shaft,transfer
shaft,guide
shaft,position
shaft,rotate
shaft,secure
shaft,transfer
shaft,change
shaft,change
shaft,export
shaft,export
shaft,export
shaft,export
shaft,export
shaft,guide
shaft,import
shaft,import
shaft,position
shaft,secure
shaft,secure
shaft,transfer
shaft,transfer
solder,couple
spring,guide
spring,position
spring,transfer
spring,secure
spring,store
spring,store
spring,store
spring,guide
spring,transfer
spring,position
spring,position
spring,position
spring,guide
spring,guide
spring,guide
spring,transfer
spring,guide
spring,transfer
spring,export
spring,position
spring,rotate
spring,secure
spring,store
spring,store
spring,store
spring,supply
spring,supply
spring,support
spring,transfer
spring,transfer
spring,position
spring,position
spring,position
spring,position
spring,secure
spring,position
spring,position
spring,position
spring,position
sprocket,transfer
stabilizer,couple
stop,position
stop,position
stop,transfer
stop,guide
stop,position
stop,secure
stop,guide
stop,position
stopper,position
stopper,stop
stopper,stop
support,couple
support,guide
support,position
support,transfer
support,couple
support,couple
support,couple
support,couple
support,guide
support,position
support,position
support,position
support,position
support,secure
support,secure
support,distribute
support,distribute
support,export
support,extract
support,guide
support,stabilize
support,stabilize
support,guide
support,position
support,secure
support,secure
support,secure
support,transfer
support,export
support,guide
support,import
support,position
support,position
support,position
support,position
support,secure
support,couple
support,position
support,transfer
support,export
support,import
support,import
support,import
support,import
support,position
support,position
support,position
support,position
support,position
support,position
support,prevent
support,secure
support,store
support,store
support,supply
support,support
support,support
support,support
support,support
support,transfer
support,position
support,position
support,position
support,secure
support,secure
support,guide
support,position
support,position
system,secure
system,secure
system,secure
system,secure
system,secure
system,mix
system,mix
system,separate
system,separate
system,separate
system,separate
system,separate
system,separate
system,separate
system,separate
system,separate
transferor,couple
transferor,import
transistor,regulate
transistor,secure
transistor,transfer
tube,couple
tube,transfer
tube,convert
tube,import
unclassified,secure
unclassified,export
unclassified,convert
unclassified,export
unclassified,guide
unclassified,import
unclassified,import
unclassified,couple
unclassified,couple
unclassified,export
unclassified,guide
unclassified,guide
unclassified,guide
unclassified,guide
unclassified,import
unclassified,position
unclassified,position
unclassified,position
unclassified,position
unclassified,position
unclassified,secure
unclassified,separate
unclassified,convert
unclassified,couple
unclassified,distribute
unclassified,export
unclassified,export
unclassified,export
unclassified,guide
unclassified,guide
unclassified,guide
unclassified,guide
unclassified,guide
unclassified,import
unclassified,import
unclassified,import
unclassified,import
unclassified,import
unclassified,position
unclassified,position
unclassified,position
unclassified,position
unclassified,position
unclassified,rotate
unclassified,secure
unclassified,secure
unclassified,separate
washer,couple
washer,guide
washer,guide
washer,guide
washer,guide
washer,position
washer,position
washer,position
washer,secure
washer,transfer
washer,guide
washer,guide
washer,position
washer,position
washer,position
washer,position
washer,position
washer,position
washer,position
washer,position
washer,position
washer,position
washer,position
washer,secure
washer,secure
washer,secure
washer,secure
washer,secure
washer,secure
washer,secure
washer,secure
washer,secure
washer,secure
washer,separate
washer,stabilize
wheel,convert
wheel,export
wheel,export
wheel,guide
wheel,change
wheel,convert
wheel,export
wheel,export
wheel,export
wheel,export
wheel,export
wheel,guide
wheel,guide
wheel,import
wheel,import
wheel,import