comp,func,id
ic motor,convert chemical,169
ic motor,convert chemical,169
ic motor,convert chemical,169
ic motor,convert chemical,169
wheel,convert control,169
pulley,convert human energy,169
ic motor,convert liquid-gas,169
blade,couple solid,169
nut-bolt,couple solid,169
mixer,couple solid,169
clamp,couple solid,169
guiders,couple solid,169
housing,couple solid,169
ic motor,couple solid,169
output acoustic energy,couple solid,169
tube,couple solid,169
container,couple solid,169
handle,couple solid,169
hinge,couple solid,169
pulley,couple solid,169
output acoustic energy,export auditory,169
output acoustic energy,export gas,169
wheel,export human energy,169
guiders,export solid,169
guiders,export visual,169
wheel,export visual,169
material filter,extract solid-gas,169
guiders,guide solid,169
housing,guide solid,169
handle,guide solid,169
lever,guide solid,169
wheel,guide solid,169
container,import chemical,169
handle,import control,169
lever,import control,169
handle,import human energy,169
container,import liquid,169
blade,import solid,169
material filter,import solid-gas,169
mixer,mix chemical,169
mixer,mix gas,169
mixer,mix liquid,169
blade,remove solid,169
material filter,secure solid,169
mixer,secure solid,169
ic motor,secure solid,169
lever,secure solid,169
link,secure solid,169
container,store chemical,169
container,store liquid,169
tube,transfer chemical,169
housing,transfer control,169
link,transfer control,169
housing,transfer human energy,169
blade,transfer solid,169
electric switch,actuate control,357
electric switch,actuate electrical,357
gear,change mechanical,357
gear,change mechanical,357
gear,change mechanical,357
gear,change mechanical,357
gear,change mechanical,357
gear,change mechanical,357
electric motor,convert electrical,357
electric switch,convert human energy,357
electric switch,convert human energy,357
cover,convert human material,357
electric wire,couple solid,357
electric wire,couple solid,357
clamp,couple solid,357
screw,couple solid,357
support,couple solid,357
housing,couple solid,357
housing,couple solid,357
housing,couple solid,357
electric motor,couple solid,357
electric wire,couple solid,357
housing,couple solid,357
screw,couple solid,357
screw,couple solid,357
shaft,couple solid,357
electric wire,couple solid,357
electric switch,couple solid,357
washer,couple solid,357
electric wire,couple solid,357
electric switch,export human material,357
electric switch,export human material,357
positioner,guide solid,357
positioner,guide solid,357
positioner,guide solid,357
housing,guide solid,357
support,guide solid,357
cover,guide solid,357
gear,guide solid,357
gear,guide solid,357
housing,guide solid,357
cover,guide solid,357
cover,guide solid,357
link,guide solid,357
gear,guide solid,357
electric switch,guide solid,357
electric motor,guide solid,357
gear,guide solid,357
gear,guide solid,357
gear,guide solid,357
gear,guide solid,357
gear,guide solid,357
shaft,guide solid,357
housing,guide solid,357
spring,guide solid,357
housing,guide solid,357
washer,guide solid,357
electric switch,import human material,357
housing,import human material,357
electric switch,import human material,357
positioner,position solid,357
battery,position solid,357
electric wire,position solid,357
electric wire,position solid,357
cap,position solid,357
guiders,position solid,357
clamp,position solid,357
housing,position solid,357
support,position solid,357
cover,position solid,357
gear,position solid,357
housing,position solid,357
cover,position solid,357
cover,position solid,357
link,position solid,357
electric switch,position solid,357
gear,position solid,357
gear,position solid,357
shaft,position solid,357
spring,position solid,357
housing,position solid,357
gear,regulate control,357
electric switch,regulate control,357
electric switch,regulate electrical,357
gear,regulate mechanical,357
system,secure electrical,357
system,secure human energy,357
system,secure human material,357
system,secure rotational,357
electric wire,secure solid,357
electric wire,secure solid,357
cap,secure solid,357
blade,secure solid,357
clamp,secure solid,357
system,secure solid,357
housing,secure solid,357
electric motor,secure solid,357
housing,secure solid,357
electric switch,secure solid,357
battery,store electrical,357
battery,supply electrical,357
guiders,transfer control,357
support,transfer control,357
link,transfer control,357
gear,transfer control,357
spring,transfer control,357
housing,transfer control,357
battery,transfer electrical,357
electric wire,transfer electrical,357
electric wire,transfer electrical,357
electric wire,transfer electrical,357
electric wire,transfer electrical,357
electric motor,transfer electrical,357
electric wire,transfer electrical,357
electric switch,transfer electrical,357
electric wire,transfer electrical,357
blade,transfer mechanical,357
clamp,transfer mechanical,357
gear,transfer mechanical,357
gear,transfer mechanical,357
gear,transfer mechanical,357
gear,transfer mechanical,357
gear,transfer mechanical,357
electric switch,actuate electrical,359
electric motor,change electrical,359
gear,change mechanical,359
gear,change mechanical,359
electric motor,convert electrical,359
cover,couple solid,359
support,couple solid,359
support,couple solid,359
gear,couple solid,359
electric motor,couple solid,359
support,couple solid,359
electric wire,couple solid,359
electric switch,couple solid,359
screw,couple solid,359
screw,couple solid,359
screw,couple solid,359
screw,couple solid,359
screw,couple solid,359
electric wire,couple solid,359
support,couple solid,359
housing,couple solid,359
electric wire,couple solid,359
electric wire,couple solid,359
electric wire,couple solid,359
electric wire,couple solid,359
electric wire,couple solid,359
electric wire,couple solid,359
electric wire,couple solid,359
gear,guide mechanical,359
support,guide solid,359
gear,guide solid,359
gear,guide solid,359
blade,guide solid,359
electric wire,import electrical,359
system,mix solid,359
system,mix solid-liquid,359
cover,position solid,359
support,position solid,359
support,position solid,359
gear,position solid,359
gear,position solid,359
support,position solid,359
electric wire,position solid,359
support,position solid,359
housing,position solid,359
electric switch,regulate control,359
electric switch,regulate electrical,359
support,secure solid,359
gear,secure solid,359
gear,secure solid,359
blade,secure solid,359
electric switch,secure solid,359
electric switch,secure solid,359
support,secure solid,359
electric motor,transfer electrical,359
electric wire,transfer electrical,359
electric switch,transfer electrical,359
electric wire,transfer electrical,359
electric wire,transfer electrical,359
electric wire,transfer electrical,359
electric wire,transfer electrical,359
electric wire,transfer electrical,359
electric wire,transfer electrical,359
electric wire,transfer electrical,359
gear,transfer mechanical,359
gear,transfer mechanical,359
gear,transfer mechanical,359
electric switch,actuate control,365
electric switch,actuate electrical,365
gear,change mechanical,365
gear,change mechanical,365
electric motor,convert electrical,365
electric motor,convert electrical,365
electric switch,convert human energy,365
hydraulic piston,convert human energy,365
fan,convert mechanical,365
electric wire,couple solid,365
electric wire,couple solid,365
connector,couple solid,365
connector,couple solid,365
electric cord,couple solid,365
housing,couple solid,365
electric wire,couple solid,365
screw,couple solid,365
rivet,couple solid,365
screw,couple solid,365
screw,couple solid,365
screw,couple solid,365
electric motor,couple solid,365
electric switch,couple solid,365
electric switch,couple solid,365
electric motor,distribute mechanical,365
electric cord,export electrical,365
housing,export human material,365
electric switch,export human material,365
blade,export solid,365
housing,guide human material,365
blade,guide solid,365
guiders,guide solid,365
housing,guide solid,365
gear,guide solid,365
gear,guide solid,365
housing,guide solid,365
guiders,guide solid,365
hydraulic piston,guide solid,365
electric motor,guide solid,365
electric cord,import electrical,365
hydraulic piston,import human energy,365
electric switch,import human energy,365
housing,import human material,365
electric switch,import human material,365
guiders,import solid,365
blade,position solid,365
housing,position solid,365
gear,position solid,365
electric cord,position solid,365
housing,position solid,365
guiders,secure solid,365
housing,secure solid,365
fan,secure solid,365
housing,secure solid,365
guiders,secure solid,365
electric motor,secure solid,365
electric switch,secure solid,365
electric switch,secure solid,365
blade,separate solid,365
electric wire,transfer electrical,365
connector,transfer electrical,365
connector,transfer electrical,365
electric cord,transfer electrical,365
electric wire,transfer electrical,365
electric motor,transfer electrical,365
blade,transfer mechanical,365
gear,transfer mechanical,365
gear,transfer mechanical,365
hydraulic piston,transfer mechanical,365
fan,transfer thermal,365
light source,convert electrical,376
screw,couple solid,376
screw,couple solid,376
screw,couple solid,376
screw,couple solid,376
screw,couple solid,376
blade,distribute solid,376
light source,export optical,376
output thermal energy,export thermal,376
shaft,guide acoustic,376
bearing,guide solid,376
blade,guide solid,376
washer,guide solid,376
shaft,guide solid,376
lever,guide solid,376
hinge,guide solid,376
nut-bolt,guide solid,376
nut-bolt,guide solid,376
gear,guide solid,376
guiders,guide solid,376
shaft,guide solid,376
washer,guide solid,376
housing,guide solid,376
washer,guide solid,376
housing,guide solid,376
electric switch,guide solid,376
blade,import human energy,376
lever,import human energy,376
housing,import human energy,376
lever,import human energy,376
housing,import human energy,376
electric switch,import human energy,376
bearing,position solid,376
washer,position solid,376
container,position solid,376
shaft,position solid,376
positioner,position solid,376
hinge,position solid,376
nut-bolt,position solid,376
nut-bolt,position solid,376
gear,position solid,376
housing,position solid,376
shaft,position solid,376
washer,position solid,376
output thermal energy,position solid,376
housing,position solid,376
cover,position solid,376
lever,position solid,376
shaft,position solid,376
housing,position solid,376
washer,position solid,376
light source,position solid,376
gear,regulate mechanical,376
shaft,regulate mechanical,376
blade,secure solid,376
shaft,secure solid,376
hinge,secure solid,376
gear,secure solid,376
housing,secure solid,376
housing,secure solid,376
cover,secure solid,376
lever,secure solid,376
housing,secure solid,376
washer,secure solid,376
spring,secure solid,376
electric switch,secure solid,376
cover,secure solid,376
system,separate electrical,376
system,separate human energy,376
system,separate human material,376
system,separate mechanical,376
blade,separate solid,376
system,separate solid,376
spring,store mechanical,376
container,store solid,376
electric wire,transfer electrical,376
electric wire,transfer electrical,376
electric wire,transfer electrical,376
electric wire,transfer electrical,376
electric wire,transfer electrical,376
electric wire,transfer electrical,376
electric wire,transfer electrical,376
electric wire,transfer electrical,376
electric wire,transfer electrical,376
electric wire,transfer electrical,376
hinge,transfer human energy,376
shaft,transfer human energy,376
washer,transfer human energy,376
shaft,transfer mechanical,376
gear,transfer mechanical,376
shaft,transfer mechanical,376
cover,transfer optical,376
electric switch,actuate electrical,378
electric switch,actuate status,378
gear,change rotational,378
gear,change rotational,378
gear,change rotational,378
gear,change rotational,378
blade,change solid,378
electric motor,convert electrical,378
cover,convert human energy,378
electric switch,convert mechanical,378
extension,convert rotational,378
screw,couple solid,378
screw,couple solid,378
screw,couple solid,378
screw,couple solid,378
screw,couple solid,378
screw,couple solid,378
screw,couple solid,378
support,distribute mechanical,378
support,distribute mechanical,378
support,export mechanical,378
container,export solid,378
support,extract mechanical,378
gear,guide solid,378
gear,guide solid,378
gear,guide solid,378
guiders,guide solid,378
cover,guide solid,378
electric motor,guide solid,378
housing,guide solid,378
shaft,guide solid,378
shaft,guide solid,378
shaft,guide solid,378
support,guide solid,378
electric cord,import electrical,378
cover,import human energy,378
housing,import mechanical,378
housing,import solid,378
housing,position solid,378
housing,position solid,378
extension,position solid,378
stop,position solid,378
housing,position solid,378
cover,position solid,378
housing,position solid,378
shaft,position solid,378
extension,position solid,378
housing,position solid,378
housing,secure solid,378
gear,secure solid,378
cover,secure solid,378
electric motor,secure solid,378
shaft,secure solid,378
housing,secure solid,378
support,stabilize mechanical,378
support,stabilize mechanical,378
spring,store mechanical,378
spring,store mechanical,378
container,store solid,378
housing,store solid,378
electric cord,transfer electrical,378
extension,transfer mechanical,378
shaft,transfer rotational,378
electric switch,actuate control,387
gear,change rotational,387
gear,change rotational,387
gear,change rotational,387
gear,change rotational,387
electric motor,convert electrical,387
blade,couple solid,387
screw,couple solid,387
shaft,couple solid,387
electric wire,couple solid,387
housing,couple solid,387
insert,couple solid,387
housing,couple solid,387
electric motor,couple solid,387
insert,couple solid,387
cover,couple solid,387
housing,couple solid,387
screw,couple solid,387
screw,couple solid,387
electric wire,couple solid,387
housing,distribute mechanical,387
housing,distribute mechanical,387
cushion,distribute mechanical,387
blade,export mechanical,387
shaft,guide solid,387
gear,guide solid,387
gear,guide solid,387
gear,guide solid,387
gear,guide solid,387
housing,guide solid,387
cover,guide solid,387
support,guide solid,387
cover,guide solid,387
battery,import electrical,387
housing,import human material,387
housing,import human material,387
support,position solid,387
gear,position solid,387
gear,position solid,387
housing,position solid,387
housing,position solid,387
guiders,position solid,387
insert,position solid,387
electric motor,position solid,387
housing,position solid,387
cushion,position solid,387
battery,position solid,387
electric switch,regulate electrical,387
support,secure solid,387
support,secure solid,387
shaft,secure solid,387
shaft,secure solid,387
gear,secure solid,387
gear,secure solid,387
gear,secure solid,387
housing,secure solid,387
support,secure solid,387
insert,secure solid,387
insert,secure solid,387
electric switch,secure solid,387
battery,secure solid,387
electric wire,secure solid,387
blade,separate solid,387
guiders,stop solid,387
cover,stop solid,387
battery,store electrical,387
battery,supply electrical,387
support,transfer electrical,387
electric wire,transfer electrical,387
shaft,transfer rotational,387
shaft,transfer rotational,387
electric switch,actuate electrical,389
electric switch,actuate mechanical,389
latch release,convert human energy,389
housing,convert human energy,389
electric switch,convert human energy,389
blade,convert mechanical,389
blade,convert mechanical,389
electric wire,couple solid,389
electric motor,couple solid,389
electric wire,couple solid,389
blade,export acoustic,389
blade,export human material,389
housing,export human material,389
blade,export status,389
blade,export thermal,389
blade,guide human material,389
housing,guide human material,389
spring,guide solid,389
latch release,import human energy,389
housing,import human energy,389
electric switch,import human energy,389
blade,import human material,389
housing,import human material,389
blade,position solid,389
housing,secure solid,389
blade,secure solid,389
housing,secure solid,389
housing,secure solid,389
cam,secure solid,389
housing,secure solid,389
electric motor,secure solid,389
electric switch,secure solid,389
blade,separate human material,389
housing,stop solid-liquid,389
electric wire,transfer electrical,389
electric motor,transfer electrical,389
electric wire,transfer electrical,389
housing,transfer mechanical,389
latch release,transfer mechanical,389
cam,transfer mechanical,389
housing,transfer mechanical,389
spring,transfer mechanical,389
electric switch,actuate electrical,391
electric motor,convert electrical,391
blade,convert mechanical,391
transferor,couple solid,391
screen,couple solid,391
electric wire,couple solid,391
electric wire,couple solid,391
housing,couple solid,391
clamp,couple solid,391
housing,couple solid,391
housing,couple solid,391
electric motor,couple solid,391
nozzle,couple solid,391
screw,couple solid,391
electric switch,couple solid,391
stabilizer,couple solid,391
electric wire,couple solid,391
blade,export pneumatic,391
blade,guide mechanical,391
transferor,import electrical,391
housing,position solid,391
housing,position solid,391
electric motor,position solid,391
nozzle,position solid,391
blade,secure solid,391
housing,secure solid,391
electric motor,secure solid,391
electric wire,transfer electrical,391
electric wire,transfer electrical,391
blade,transfer pneumatic,391
guiders,convert human energy,596
retaining clip,couple solid,596
screw,couple solid,596
screw,couple solid,596
screw,couple solid,596
guiders,export human material,596
guiders,export solid,596
support,export solid,596
shaft,export solid,596
guiders,extract human energy,596
positioner,guide solid,596
support,guide solid,596
housing,guide solid,596
housing,guide solid,596
guiders,guide solid,596
guiders,import human material,596
guiders,import solid,596
support,import solid,596
shaft,import solid,596
guiders,position solid,596
guiders,position solid,596
latch release,position solid,596
latch release,position solid,596
spring,position solid,596
spring,position solid,596
housing,position solid,596
housing,position solid,596
spring,position solid,596
housing,position solid,596
housing,position solid,596
support,position solid,596
screw,position solid,596
screw,position solid,596
shaft,position solid,596
nut-bolt,secure solid,596
housing,secure solid,596
housing,secure solid,596
shaft,secure solid,596
blade,transfer mechanical,596
shaft,transfer mechanical,596
electric switch,actuate control,600
electric switch,actuate electrical,600
gear,change mechanical,600
electric motor,convert electrical,600
electric motor,convert electrical,600
electric switch,convert human energy,600
fan,convert mechanical,600
electric conductor,couple solid,600
glue,couple solid,600
rivet,couple solid,600
screw,couple solid,600
screw,couple solid,600
screw,couple solid,600
screw,couple solid,600
screw,couple solid,600
screw,couple solid,600
solder,couple solid,600
electric cord,export electrical,600
housing,export gas,600
housing,export human material,600
latch release,export human material,600
electric switch,export human material,600
housing,export human material,600
blade,export solid,600
electric motor,export thermal,600
housing,guide human material,600
latch release,guide human material,600
electric switch,guide human material,600
housing,guide human material,600
guiders,guide solid,600
housing,guide solid,600
guiders,guide solid,600
gear,guide solid,600
latch release,guide solid,600
electric switch,guide solid,600
housing,guide solid,600
electric cord,import electrical,600
housing,import gas,600
electric switch,import human energy,600
housing,import human material,600
latch release,import human material,600
electric switch,import human material,600
housing,import human material,600
blade,import solid,600
link,position solid,600
guiders,position solid,600
housing,position solid,600
electric motor,position solid,600
support,position solid,600
unclassified,secure solid,600
electric motor,secure solid,600
link,secure solid,600
blade,separate solid,600
electric motor,transfer electrical,600
electric cord,transfer electrical,600
electric wire,transfer electrical,600
electric wire,transfer electrical,600
electric wire,transfer electrical,600
link,transfer mechanical,600
blade,transfer mechanical,600
gear,transfer mechanical,600
link,transfer mechanical,600
electric switch,actuate control,605
electric switch,actuate electrical,605
gear,change mechanical,605
electric motor,convert electrical,605
latch release,convert human energy,605
electric switch,convert human material,605
electric switch,convert human material,605
hinge,couple solid,605
hinge,couple solid,605
screw,couple solid,605
screw,couple solid,605
screw,couple solid,605
screw,couple solid,605
screw,couple solid,605
screw,couple solid,605
housing,export human energy,605
latch release,export human material,605
electric switch,export human material,605
blade,export solid,605
latch release,export solid,605
handle,export solid,605
latch release,export solid,605
latch release,export solid,605
housing,guide human energy,605
battery,guide solid,605
positioner,guide solid,605
positioner,guide solid,605
guiders,guide solid,605
guiders,guide solid,605
latch release,guide solid,605
housing,guide solid,605
handle,guide solid,605
screw,guide solid,605
latch release,guide solid,605
latch release,guide solid,605
electric motor,guide solid,605
shaft,guide solid,605
cover,guide solid,605
guiders,guide solid,605
spring,guide solid,605
spring,guide solid,605
electric switch,guide solid,605
latch release,import human energy,605
housing,import human energy,605
electric switch,import human material,605
electric switch,import human material,605
blade,import solid,605
latch release,import solid,605
handle,import solid,605
latch release,import solid,605
latch release,import solid,605
cap,position solid,605
stop,position solid,605
screw,position solid,605
housing,position solid,605
shaft,position solid,605
housing,position solid,605
cover,position solid,605
guiders,position solid,605
support,position solid,605
support,position solid,605
housing,position solid,605
shaft,regulate control,605
shaft,regulate mechanical,605
cap,secure solid,605
housing,secure solid,605
support,secure solid,605
gear,secure solid,605
electric switch,secure solid,605
blade,separate solid,605
cover,stop solid,605
battery,store electrical,605
battery,supply electrical,605
stop,transfer control,605
battery,transfer electrical,605
electric wire,transfer electrical,605
electric wire,transfer electrical,605
electric wire,transfer electrical,605
electric wire,transfer electrical,605
electric motor,transfer electrical,605
electric wire,transfer electrical,605
electric wire,transfer electrical,605
electric switch,transfer electrical,605
blade,transfer mechanical,605
gear,transfer mechanical,605
shaft,transfer mechanical,605
gear,change mechanical,606
gear,change mechanical,606
gear,change mechanical,606
gear,change mechanical,606
gear,change mechanical,606
gear,change mechanical,606
electric motor,convert electrical,606
cover,convert human energy,606
electric switch,convert human energy,606
electric switch,convert human energy,606
screw,couple solid,606
support,couple solid,606
screw,couple solid,606
screw,couple solid,606
electric wire,couple solid,606
cover,export human material,606
electric switch,export human material,606
housing,export human material,606
unclassified,export status,606
housing,guide human material,606
positioner,guide solid,606
housing,guide solid,606
cover,guide solid,606
housing,guide solid,606
cover,guide solid,606
cover,guide solid,606
gear,guide solid,606
electric motor,guide solid,606
gear,guide solid,606
gear,guide solid,606
gear,guide solid,606
housing,guide solid,606
spring,guide solid,606
housing,guide solid,606
washer,guide solid,606
cover,import human energy,606
electric switch,import human energy,606
electric switch,import human energy,606
cover,import human material,606
electric switch,import human material,606
housing,import human material,606
electric switch,import human material,606
cap,position solid,606
positioner,position solid,606
guiders,position solid,606
housing,position solid,606
support,position solid,606
cover,position solid,606
gear,position solid,606
housing,position solid,606
cover,position solid,606
cover,position solid,606
electric switch,position solid,606
housing,position solid,606
gear,regulate control,606
gear,regulate control,606
electric switch,regulate control,606
electric switch,regulate electrical,606
gear,regulate mechanical,606
gear,regulate mechanical,606
cap,secure solid,606
clamp,secure solid,606
housing,secure solid,606
housing,secure solid,606
electric switch,secure solid,606
battery,store electrical,606
battery,supply electrical,606
positioner,transfer control,606
guiders,transfer control,606
support,transfer control,606
link,transfer control,606
gear,transfer control,606
spring,transfer control,606
housing,transfer control,606
battery,transfer electrical,606
electric wire,transfer electrical,606
electric wire,transfer electrical,606
electric wire,transfer electrical,606
electric wire,transfer electrical,606
electric motor,transfer electrical,606
electric wire,transfer electrical,606
electric switch,transfer electrical,606
electric wire,transfer electrical,606
blade,transfer mechanical,606
clamp,transfer mechanical,606
gear,transfer mechanical,606
gear,transfer mechanical,606
gear,transfer mechanical,606
gear,transfer mechanical,606
gear,transfer mechanical,606
electric switch,actuate electrical,608
gear,change mechanical,608
electric motor,convert electrical,608
unclassified,convert human energy,608
electric switch,convert human material,608
screw,couple solid,608
screw,couple solid,608
screw,couple solid,608
screw,couple solid,608
screw,couple solid,608
electric wire,couple solid,608
unclassified,export human energy,608
housing,export human energy,608
electric switch,export human material,608
blade,export solid,608
housing,guide human energy,608
gear,guide mechanical,608
cap,guide solid,608
gear,guide solid,608
electric motor,guide solid,608
housing,guide solid,608
guiders,guide solid,608
unclassified,guide solid,608
guiders,guide solid,608
housing,guide solid,608
spring,guide solid,608
washer,guide solid,608
unclassified,import human energy,608
housing,import human energy,608
electric switch,import human material,608
blade,import solid,608
unclassified,import solid,608
cam,position solid,608
guiders,position solid,608
housing,position solid,608
housing,position solid,608
housing,position solid,608
latch release,position solid,608
housing,position solid,608
washer,position solid,608
electric switch,regulate control,608
electric switch,regulate electrical,608
cap,secure solid,608
housing,secure solid,608
electric switch,secure solid,608
blade,separate solid,608
battery,store electrical,608
battery,supply electrical,608
battery,transfer electrical,608
electric wire,transfer electrical,608
electric wire,transfer electrical,608
electric wire,transfer electrical,608
electric wire,transfer electrical,608
electric motor,transfer electrical,608
electric wire,transfer electrical,608
electric switch,transfer electrical,608
electric wire,transfer electrical,608
blade,transfer mechanical,608
cam,transfer mechanical,608
gear,transfer mechanical,608
electric switch,actuate electrical,614
electric switch,actuate status,614
electric motor,convert electrical,614
electric motor,convert electrical,614
electric switch,convert human energy,614
link,convert rotational,614
guiders,convert rotational,614
blade,export solid,614
blade,export solid,614
housing,export solid,614
blade,export solid,614
blade,export solid,614
housing,export solid,614
housing,guide solid,614
link,guide solid,614
link,guide solid,614
shaft,guide solid,614
guiders,guide solid,614
guiders,guide solid,614
housing,guide solid,614
housing,guide solid,614
electric motor,guide solid,614
housing,guide solid,614
guiders,guide solid,614
electric switch,import human energy,614
housing,import solid,614
blade,import solid,614
blade,import solid,614
housing,import solid,614
housing,position solid,614
housing,position solid,614
guiders,position solid,614
housing,position solid,614
electric wire,position solid,614
housing,position solid,614
housing,position solid,614
housing,position solid,614
electric switch,position solid,614
housing,position solid,614
hinge,position solid,614
housing,secure solid,614
housing,secure solid,614
housing,secure solid,614
housing,secure solid,614
housing,secure solid,614
housing,secure solid,614
guiders,secure solid,614
guiders,secure solid,614
housing,secure solid,614
system,separate electrical,614
system,separate human energy,614
system,separate human material,614
system,separate mechanical,614
blade,separate solid,614
blade,separate solid,614
blade,separate solid,614
blade,separate solid,614
housing,store solid,614
housing,store solid,614
electric wire,transfer electrical,614
spring,transfer electrical,614
electric wire,transfer electrical,614
link,transfer mechanical,614
link,transfer mechanical,614
electric switch,actuate electrical,652
electric switch,actuate electrical,652
electric switch,actuate electrical,652
key,actuate electrical,652
electric switch,actuate electrical,652
wheel,change mechanical,652
converter,convert chemical,652
converter,convert chemical,652
converter,convert chemical,652
converter,convert chemical,652
converter,convert electrical,652
actuator,convert human energy,652
shaft,convert human energy,652
tube,convert human energy,652
wheel,convert human energy,652
converter,convert liquid,652
converter,convert liquid,652
converter,convert mechanical,652
nut-bolt,couple solid,652
nut-bolt,couple solid,652
nut-bolt,couple solid,652
nut-bolt,couple solid,652
nut-bolt,couple solid,652
nut-bolt,couple solid,652
screw,couple solid,652
screw,couple solid,652
nut-bolt,couple solid,652
screw,couple solid,652
nut-bolt,couple solid,652
nut-bolt,couple solid,652
nut-bolt,couple solid,652
nut-bolt,couple solid,652
screw,couple solid,652
nut-bolt,couple solid,652
nut-bolt,couple solid,652
nut-bolt,couple solid,652
nut-bolt,couple solid,652
nut-bolt,couple solid,652
nut-bolt,couple solid,652
nut-bolt,couple solid,652
screw,couple solid,652
screw,couple solid,652
nut-bolt,couple solid,652
nut-bolt,couple solid,652
nut-bolt,couple solid,652
nut-bolt,couple solid,652
nut-bolt,couple solid,652
nut-bolt,couple solid,652
screw,couple solid,652
nut-bolt,couple solid,652
nut-bolt,couple solid,652
key,couple solid,652
nut-bolt,couple solid,652
nut-bolt,couple solid,652
knob,couple solid,652
nut-bolt,couple solid,652
nut-bolt,couple solid,652
nut-bolt,couple solid,652
nut-bolt,couple solid,652
nut-bolt,couple solid,652
nut-bolt,couple solid,652
nut-bolt,couple solid,652
nut-bolt,couple solid,652
nut-bolt,couple solid,652
nut-bolt,couple solid,652
screw,couple solid,652
nut-bolt,couple solid,652
shaft,couple solid,652
retaining clip,couple solid,652
nut-bolt,couple solid,652
cap,couple solid,652
nut-bolt,couple solid,652
nut-bolt,couple solid,652
retaining clip,couple solid,652
screw,couple solid,652
nut-bolt,couple solid,652
nut-bolt,couple solid,652
support,export human material,652
bracket,export mechanical,652
blade,export mechanical,652
wheel,export mechanical,652
shaft,export mechanical,652
housing,export mechanical,652
wheel,export mechanical,652
wheel,export mechanical,652
bracket,export mechanical,652
wheel,export mechanical,652
spring,export mechanical,652
housing,export solid,652
guiders,export solid,652
wheel,export solid,652
link,guide solid,652
link,guide solid,652
bearing,guide solid,652
cover,guide solid,652
wheel,guide solid,652
bracket,guide solid,652
pulley,guide solid,652
shaft,guide solid,652
bearing,guide solid,652
bracket,guide solid,652
wheel,guide solid,652
shaft,guide solid,652
nut-bolt,guide solid,652
bracket,guide solid,652
bearing,guide solid,652
bearing,guide solid,652
bearing,guide solid,652
converter,import chemical,652
converter,import chemical,652
converter,import chemical,652
actuator,import human energy,652
shaft,import human energy,652
support,import human energy,652
tube,import human energy,652
wheel,import human energy,652
support,import human material,652
support,import human material,652
converter,import liquid,652
converter,import liquid,652
support,import mechanical,652
wheel,import solid,652
wheel,import solid,652
electric wire,indicate control,652
lever,indicate status,652
support,position solid,652
support,position solid,652
bracket,position solid,652
bracket,position solid,652
cap,position solid,652
stopper,position solid,652
washer,position solid,652
washer,position solid,652
shaft,position solid,652
bracket,position solid,652
support,position solid,652
housing,position solid,652
link,position solid,652
spring,position solid,652
shaft,position solid,652
support,position solid,652
washer,position solid,652
bearing,position solid,652
support,position solid,652
washer,position solid,652
washer,position solid,652
washer,position solid,652
washer,position solid,652
washer,position solid,652
washer,position solid,652
washer,position solid,652
support,position solid,652
cover,prevent human material,652
cover,prevent human material,652
cover,prevent human material,652
cap,prevent liquid,652
cap,prevent liquid,652
support,prevent solid,652
cover,prevent solid,652
cover,prevent solid,652
cover,prevent solid,652
cap,prevent solid,652
cap,prevent solid,652
cap,prevent solid,652
cover,prevent solid,652
circuit board,process control,652
fuse,regulate electrical,652
fuse,regulate electrical,652
electric switch,regulate electrical,652
circuit board,regulate electrical,652
gear,regulate mechanical,652
spring,rotate solid,652
nut-bolt,secure solid,652
washer,secure solid,652
bracket,secure solid,652
bracket,secure solid,652
bracket,secure solid,652
bracket,secure solid,652
retaining clip,secure solid,652
bracket,secure solid,652
bracket,secure solid,652
nut-bolt,secure solid,652
spring,secure solid,652
housing,secure solid,652
retaining clip,secure solid,652
nut-bolt,secure solid,652
retaining clip,secure solid,652
washer,secure solid,652
retaining clip,secure solid,652
washer,secure solid,652
shaft,secure solid,652
retaining clip,secure solid,652
cover,secure solid,652
nut-bolt,secure solid,652
bracket,secure solid,652
nut-bolt,secure solid,652
nut-bolt,secure solid,652
washer,secure solid,652
retaining clip,secure solid,652
nut-bolt,secure solid,652
shaft,secure solid,652
retaining clip,secure solid,652
retaining clip,secure solid,652
bracket,secure solid,652
retaining clip,secure solid,652
nut-bolt,secure solid,652
washer,secure solid,652
retaining clip,secure solid,652
washer,secure solid,652
washer,secure solid,652
nut-bolt,secure solid,652
support,secure solid,652
washer,secure solid,652
bracket,secure solid,652
washer,secure solid,652
retaining clip,secure solid,652
retaining clip,secure solid,652
washer,secure solid,652
washer,separate solid,652
blade,separate solid,652
washer,stabilize solid,652
stopper,stop mechanical,652
stopper,stop solid,652
converter,store chemical,652
battery,store electrical,652
support,store human material,652
converter,store liquid,652
spring,store mechanical,652
support,store mechanical,652
spring,store mechanical,652
spring,store mechanical,652
battery,supply electrical,652
spring,supply mechanical,652
support,supply mechanical,652
spring,supply mechanical,652
bracket,support solid,652
support,support solid,652
support,support solid,652
support,support solid,652
cushion,support solid,652
support,support solid,652
spring,support solid,652
bracket,support solid,652
electric wire,transfer electrical,652
bracket,transfer material,652
belt,transfer mechanical,652
actuator,transfer mechanical,652
spring,transfer mechanical,652
spring,transfer mechanical,652
bracket,transfer mechanical,652
guiders,transfer mechanical,652
bracket,transfer mechanical,652
link,transfer mechanical,652
gear,transfer mechanical,652
pulley,transfer mechanical,652
lever,transfer mechanical,652
shaft,transfer mechanical,652
link,transfer mechanical,652
shaft,transfer mechanical,652
gear,transfer mechanical,652
shaft,transfer mechanical,652
pulley,transfer mechanical,652
guiders,transfer mechanical,652
shaft,transfer mechanical,652
link,transfer mechanical,652
support,transfer mechanical,652
shaft,transfer mechanical,652
bracket,transfer mechanical,652
bracket,transfer mechanical,652
lever,transfer mechanical,652
link,transfer mechanical,652
bracket,transfer mechanical,652
shaft,transfer mechanical,652
changer,transfer mechanical,652
bracket,transfer mechanical,652
sprocket,transfer mechanical,652
housing,transfer solid,652
handle,convert human energy,683
handle,export human material,683
blade,export mechanical,683
blade,export solid,683
blade,guide solid,683
handle,import control,683
handle,import human energy,683
handle,import human material,683
blade,import solid,683
blade,indicate status,683
blade,secure solid,683
handle,secure solid,683
blade,separate solid,683
electric motor,actuate electrical,684
blade,change solid,684
electric motor,convert electrical,684
electric switch,convert human energy,684
electric switch,convert mechanical,684
screw,couple solid,684
clamp,couple solid,684
housing,distribute mechanical,684
electric motor,export acoustic,684
cover,export human material,684
housing,export mechanical,684
blade,export mechanical,684
container,export solid,684
electric motor,export thermal,684
cover,guide human material,684
housing,guide solid,684
container,guide solid,684
cover,guide solid,684
electric cord,import electrical,684
electric switch,import human energy,684
cover,import human material,684
housing,import mechanical,684
cover,import solid,684
cover,indicate solid,684
housing,position solid,684
electric motor,position solid,684
housing,position solid,684
container,position solid,684
cover,position solid,684
electric motor,secure solid,684
nut-bolt,secure solid,684
housing,stabilize mechanical,684
electric switch,store mechanical,684
container,store solid,684
electric cord,transfer electrical,684
electric switch,transfer mechanical,684
nut-bolt,transfer mechanical,684
cover,transfer solid,684
electric switch,actuate control,686
electric switch,actuate electrical,686
gear,change mechanical,686
electric motor,convert electrical,686
electric switch,convert human energy,686
link,couple solid,686
housing,couple solid,686
screw,couple solid,686
screw,couple solid,686
screw,couple solid,686
housing,export human material,686
housing,export human material,686
blade,export mechanical,686
electric switch,export mechanical,686
blade,export solid,686
guiders,guide mechanical,686
positioner,guide solid,686
positioner,guide solid,686
shaft,guide solid,686
gear,guide solid,686
friction enhancer,guide solid,686
guiders,guide solid,686
electric motor,guide solid,686
guiders,guide solid,686
battery,import electrical,686
battery,import electrical,686
electric switch,import human energy,686
housing,import human material,686
housing,import human material,686
blade,import solid,686
housing,position human material,686
housing,position human material,686
electric wire,position solid,686
electric wire,position solid,686
electric wire,position solid,686
electric wire,position solid,686
support,position solid,686
housing,position solid,686
guiders,position solid,686
housing,position solid,686
support,position solid,686
housing,position solid,686
shaft,position solid,686
support,position solid,686
spring,position solid,686
electric wire,secure solid,686
electric wire,secure solid,686
electric wire,secure solid,686
electric wire,secure solid,686
support,secure solid,686
housing,secure solid,686
guiders,secure solid,686
gear,secure solid,686
housing,secure solid,686
electric motor,secure solid,686
support,secure solid,686
housing,secure solid,686
shaft,secure solid,686
electric switch,secure solid,686
blade,separate solid,686
battery,store electrical,686
battery,store electrical,686
battery,supply electrical,686
battery,supply electrical,686
housing,support human material,686
housing,support human material,686
battery,transfer electrical,686
battery,transfer electrical,686
electric wire,transfer electrical,686
electric wire,transfer electrical,686
electric wire,transfer electrical,686
electric wire,transfer electrical,686
electric wire,transfer electrical,686
electric motor,transfer electrical,686
electric wire,transfer electrical,686
electric wire,transfer electrical,686
electric wire,transfer electrical,686
shaft,transfer mechanical,686
guiders,transfer mechanical,686
gear,transfer mechanical,686
guiders,transfer mechanical,686
link,transfer mechanical,686
electric switch,actuate electrical,688
gear,change mechanical,688
gear,change mechanical,688
electric motor,convert electrical,688
electric switch,convert human energy,688
handle,convert human energy,688
guiders,couple solid,688
nut-bolt,couple solid,688
unclassified,couple solid,688
unclassified,couple solid,688
screw,couple solid,688
screw,couple solid,688
screw,couple solid,688
screw,couple solid,688
screw,couple solid,688
screw,couple solid,688
electric wire,couple solid,688
blade,distribute mechanical,688
electric motor,export acoustic,688
guiders,export human material,688
battery,export human material,688
housing,export human material,688
unclassified,export human material,688
handle,export human material,688
latch release,export human material,688
housing,export human material,688
electric switch,export human material,688
handle,export human material,688
blade,export mechanical,688
electric switch,export mechanical,688
handle,export mechanical,688
guiders,export solid,688
blade,export solid,688
blade,export thermal,688
electric motor,export thermal,688
handle,guide mechanical,688
positioner,guide solid,688
positioner,guide solid,688
positioner,guide solid,688
gear,guide solid,688
unclassified,guide solid,688
nut-bolt,guide solid,688
nut-bolt,guide solid,688
nut-bolt,guide solid,688
nut-bolt,guide solid,688
housing,guide solid,688
housing,guide solid,688
housing,guide solid,688
gear,guide solid,688
cover,guide solid,688
support,guide solid,688
electric motor,guide solid,688
nut-bolt,guide solid,688
nut-bolt,guide solid,688
shaft,guide solid,688
guiders,guide solid,688
stop,guide solid,688
screw,guide solid,688
positioner,guide solid,688
unclassified,guide solid,688
unclassified,guide solid,688
unclassified,guide solid,688
nut-bolt,guide solid,688
electric switch,import control,688
battery,import electrical,688
electric switch,import human energy,688
handle,import human energy,688
guiders,import human material,688
battery,import human material,688
housing,import human material,688
unclassified,import human material,688
handle,import human material,688
latch release,import human material,688
housing,import human material,688
electric switch,import human material,688
handle,import human material,688
handle,import mechanical,688
guiders,import solid,688
blade,import solid,688
handle,mix mechanical,688
guiders,position solid,688
indicator light,position solid,688
electric wire,position solid,688
electric wire,position solid,688
unclassified,position solid,688
spring,position solid,688
unclassified,position solid,688
unclassified,position solid,688
nut-bolt,position solid,688
nut-bolt,position solid,688
cushion,position solid,688
housing,position solid,688
housing,position solid,688
cover,position solid,688
support,position solid,688
latch release,position solid,688
positioner,position solid,688
electric motor,position solid,688
housing,position solid,688
nut-bolt,position solid,688
nut-bolt,position solid,688
shaft,position solid,688
guiders,position solid,688
stop,position solid,688
spring,position solid,688
screw,position solid,688
cushion,position solid,688
unclassified,position solid,688
spring,position solid,688
electric switch,position solid,688
unclassified,position solid,688
door,position solid,688
guiders,position solid,688
electric switch,regulate mechanical,688
shaft,rotate solid,688
battery,secure solid,688
unclassified,secure solid,688
positioner,secure solid,688
positioner,secure solid,688
positioner,secure solid,688
gear,secure solid,688
nut-bolt,secure solid,688
housing,secure solid,688
housing,secure solid,688
shaft,secure solid,688
stop,secure solid,688
spring,secure solid,688
door,secure solid,688
guiders,secure solid,688
guiders,separate solid,688
unclassified,separate solid,688
battery,store electrical,688
battery,supply electrical,688
battery,transfer electrical,688
electric wire,transfer electrical,688
electric wire,transfer electrical,688
electric wire,transfer electrical,688
electric motor,transfer electrical,688
electric wire,transfer electrical,688
electric wire,transfer electrical,688
electric wire,transfer electrical,688
gear,transfer mechanical,688
gear,transfer mechanical,688
shaft,transfer mechanical,688
handle,transfer mechanical,688
electric switch,actuate electrical,689
gear,change mechanical,689
gear,change mechanical,689
shaft,change mechanical,689
gear,change mechanical,689
shaft,change mechanical,689
gear,change mechanical,689
gear,change mechanical,689
gear,change mechanical,689
gear,change mechanical,689
electric motor,convert electrical,689
unclassified,convert human energy,689
electric switch,convert human energy,689
unclassified,couple solid,689
key,couple solid,689
screw,couple solid,689
screw,couple solid,689
screw,couple solid,689
screw,couple solid,689
screw,couple solid,689
screw,couple solid,689
screw,couple solid,689
screw,couple solid,689
electric wire,couple solid,689
unclassified,distribute solid,689
blade,export acoustic,689
electric motor,export acoustic,689
shaft,export acoustic,689
unclassified,export human material,689
electric switch,export human material,689
blade,export human material,689
shaft,export human material,689
unclassified,export human material,689
electric switch,export human material,689
unclassified,export mechanical,689
blade,export mechanical,689
housing,export mechanical,689
housing,export mechanical,689
shaft,export mechanical,689
electric switch,export mechanical,689
blade,export solid,689
shaft,export solid,689
blade,export thermal,689
electric motor,export thermal,689
shaft,export thermal,689
positioner,guide solid,689
cover,guide solid,689
housing,guide solid,689
unclassified,guide solid,689
stop,guide solid,689
electric switch,guide solid,689
gear,guide solid,689
gear,guide solid,689
housing,guide solid,689
housing,guide solid,689
cover,guide solid,689
divider,guide solid,689
gear,guide solid,689
circuit board,guide solid,689
electric motor,guide solid,689
shaft,guide solid,689
gear,guide solid,689
gear,guide solid,689
gear,guide solid,689
gear,guide solid,689
gear,guide solid,689
guiders,guide solid,689
guiders,guide solid,689
guiders,guide solid,689
unclassified,guide solid,689
unclassified,guide solid,689
unclassified,guide solid,689
unclassified,guide solid,689
guiders,guide solid,689
electric switch,import control,689
unclassified,import control,689
unclassified,import control,689
electric switch,import control,689
battery,import electrical,689
unclassified,import human energy,689
electric switch,import human energy,689
unclassified,import human material,689
electric switch,import human material,689
blade,import human material,689
shaft,import human material,689
unclassified,import human material,689
electric switch,import human material,689
housing,import mechanical,689
housing,import mechanical,689
blade,import solid,689
shaft,import solid,689
housing,mix mechanical,689
housing,mix mechanical,689
link,position solid,689
electric wire,position solid,689
electric wire,position solid,689
unclassified,position solid,689
spring,position solid,689
support,position solid,689
guiders,position solid,689
spring,position solid,689
unclassified,position solid,689
spring,position solid,689
stop,position solid,689
gear,position solid,689
housing,position solid,689
housing,position solid,689
cover,position solid,689
divider,position solid,689
gear,position solid,689
positioner,position solid,689
cover,position solid,689
shaft,position solid,689
gear,position solid,689
unclassified,position solid,689
unclassified,position solid,689
unclassified,position solid,689
cam,position solid,689
spring,position solid,689
diode,regulate electrical,689
transistor,regulate electrical,689
circuit board,regulate electrical,689
electric switch,regulate electrical,689
unclassified,rotate solid,689
unclassified,secure solid,689
cover,secure solid,689
housing,secure solid,689
unclassified,secure solid,689
shaft,secure solid,689
housing,secure solid,689
transistor,secure solid,689
electric motor,secure solid,689
shaft,secure solid,689
electric switch,secure solid,689
unclassified,separate solid,689
battery,store electrical,689
battery,supply electrical,689
electric wire,transfer control,689
battery,transfer electrical,689
electric wire,transfer electrical,689
electric wire,transfer electrical,689
electric wire,transfer electrical,689
electric wire,transfer electrical,689
electric wire,transfer electrical,689
electric wire,transfer electrical,689
electric wire,transfer electrical,689
electric wire,transfer electrical,689
electric wire,transfer electrical,689
electric wire,transfer electrical,689
electric wire,transfer electrical,689
electric wire,transfer electrical,689
transistor,transfer electrical,689
indicator light,transfer electrical,689
circuit board,transfer electrical,689
electric motor,transfer electrical,689
electric wire,transfer electrical,689
electric wire,transfer electrical,689
electric wire,transfer electrical,689
electric wire,transfer electrical,689
electric wire,transfer electrical,689
gear,transfer mechanical,689
gear,transfer mechanical,689
shaft,transfer mechanical,689
shaft,transfer mechanical,689
gear,transfer mechanical,689
gear,transfer mechanical,689
gear,transfer mechanical,689
housing,transmit mechanical,689
housing,transmit mechanical,689